Product_Name,Brand,Rating,Price,Actual_Price,Page_number,RAM,Storage,Battery_Details,Camera_Details,Discount
"BOLTT EVO (Midnight Black, 64 GB)",BOLTT,4.3,"₹9,999","₹17,999",1,4 GB RAM,64 GB ROM,6000 mAh Lithium ion Battery,50MP + 2MP | 8MP Front Camera,44% off
"Mivi One 5G (Green, 128 GB)",Mivi,,"₹12,999","₹21,999",1,4 GB RAM,128 GB ROM,6000 mAh Lithium Polymer Battery,50MP Rear Camera | 8MP Front Camera,40% off
"Samsung Galaxy F07 (Green, 64 GB)",Samsung,4.2,"₹11,999",,1,4 GB RAM,64 GB ROM,5000 mAh Battery,50MP + 2MP | 8MP Front Camera,
"BOLTT EVO (Berry Red, 64 GB)",BOLTT,4.3,"₹9,999","₹17,999",1,4 GB RAM,64 GB ROM,6000 mAh Lithium ion Battery,50MP + 2MP | 8MP Front Camera,44% off
"vivo T5 Lite 44W 5G (Twilight Shadow, 128 GB)",vivo,4.2,"₹20,499","₹33,999",1,4 GB RAM,128 GB ROM,6500 mAh Li-ion Battery,50MP + 0.08MP | 5MP Front Camera,39% off
"Nothing Phone (4b) (White, 128 GB)",Nothing,,"₹31,999","₹49,999",1,6 GB RAM,128 GB ROM,6000 mAh Lithium ion Battery,50MP + 8MP | 16MP Front Camera,36% off
realme P4 Power 5G Charger in the Box (TransOrange,realme,4.4,"₹33,999","₹55,999",1,8 GB RAM,256 GB ROM,10001 mAh Battery,50MP + 8MP | Yes,39% off
"realme Narzo 100x 5g (Flash Orange, 128 GB)",realme,4.1,"₹19,642","₹31,999",1,4 GB RAM,128 GB ROM,8000 mAh Battery,50MP + 50MP,38% off
"POCO C85x 5G (Elite Black, 64 GB)",POCO,4.1,"₹13,999","₹20,999",1,4 GB RAM,64 GB ROM,6300 mAh Lithium-Ion Polymer Battery,32MP Rear Camera,33% off
"realme P4s 5G (Titanium Gray, 256 GB)",realme,4.5,"₹41,999","₹60,999",1,12 GB RAM,256 GB ROM,8000 mAh Battery,50MP + 8MP | 16MP Front Camera,31% off
"BOLTT EVO (Midnight Black, 64 GB)",BOLTT,4.3,"₹9,999","₹17,999",2,4 GB RAM,64 GB ROM,6000 mAh Lithium ion Battery,50MP + 2MP | 8MP Front Camera,44% off
"Mivi One 5G (Green, 128 GB)",Mivi,,"₹12,999","₹21,999",2,4 GB RAM,128 GB ROM,6000 mAh Lithium Polymer Battery,50MP Rear Camera | 8MP Front Camera,40% off
"BOLTT EVO (Lavender Bloom, 64 GB)",BOLTT,4.3,"₹9,999","₹17,999",2,4 GB RAM,64 GB ROM,6000 mAh Lithium ion Battery,50MP + 2MP | 8MP Front Camera,44% off
"Samsung Galaxy F70e 5G (Spotlight Blue, 128 GB)",Samsung,4.1,"₹16,999","₹22,999",2,4 GB RAM,128 GB ROM,6000 mAh Li-ion Battery,50MP + 2MP | 8MP Front Camera,26% off
"POCO C85x 5G (Sunset Gold, 128 GB)",POCO,4.1,"₹14,999","₹21,999",2,4 GB RAM,128 GB ROM,6300 mAh Lithium-Ion Polymer Battery,32MP Rear Camera,31% off
"realme Narzo 80 Lite (Obsidian Black, 64 GB)",realme,4.2,"₹13,630","₹16,999",2,4 GB RAM,64 GB ROM,6300 mAh Battery,32MP Rear Camera,19% off
"MOTOROLA g37 power (PANTONE Nautical Blue, 128 GB)",MOTOROLA,4.2,"₹20,249","₹30,499",2,4 GB RAM,128 GB ROM,7000 mAh Battery,50MP Rear Camera | 8MP Front Camera,33% off
"vivo T5 Lite 44W 5G (Wave Blue, 128 GB)",vivo,4.2,"₹20,499","₹33,999",2,4 GB RAM,128 GB ROM,6500 mAh Li-ion Battery,50MP + 0.08MP | 5MP Front Camera,39% off
"Samsung Galaxy A56 5G (Dark Blue, 128 GB)",Samsung,4.4,"₹35,060","₹49,999",2,8 GB RAM,128 GB ROM,5000 mAh Battery,50MP + 12MP + 5MP | 12MP Front Camera,29% off
"MOTOROLA Edge 60 Fusion 5G (PANTONE Slipstream, 25",MOTOROLA,4.4,"₹37,999",,2,12 GB RAM,256 GB ROM,5500 mAh Battery,50MP + 13MP | 32MP Front Camera,
"BOLTT EVO (Midnight Black, 64 GB)",BOLTT,4.3,"₹9,999","₹17,999",4,4 GB RAM,64 GB ROM,6000 mAh Lithium ion Battery,50MP + 2MP | 8MP Front Camera,44% off
"Mivi One 5G (Green, 128 GB)",Mivi,,"₹12,999","₹21,999",4,4 GB RAM,128 GB ROM,6000 mAh Lithium Polymer Battery,50MP Rear Camera | 8MP Front Camera,40% off
"BOLTT EVO (Midnight Black, 128 GB)",BOLTT,4,"₹11,499","₹18,999",4,6 GB RAM,128 GB ROM,6000 mAh Lithium ion Battery,50MP + 2MP | 8MP Front Camera,39% off
"realme P4R 5G (Lavender Glare, 128 GB)",realme,4.2,"₹21,999","₹34,999",4,4 GB RAM,128 GB ROM,8000 mAh Lithium-ion polymer Battery,50MP Rear Camera | 8MP Front Camera,37% off
"realme Narzo 100 Lite 5G (Frost Silver, 128 GB)",realme,4.2,"₹17,895","₹27,999",4,4 GB RAM,128 GB ROM,7000 mAh Battery,13MP Rear Camera,36% off
"realme P4 Pro 5G (Midnight Ivy, 256 GB)",realme,4.4,"₹30,999",,4,8 GB RAM,256 GB ROM,7000 mAh Battery,50MP + 8MP | 50MP Front Camera,
"vivo T5 Lite 44W 5G (Twilight Shadow, 128 GB)",vivo,4.2,"₹20,499","₹33,999",4,4 GB RAM,128 GB ROM,6500 mAh Li-ion Battery,50MP + 0.08MP | 5MP Front Camera,39% off
"Nothing Phone (4b) (White, 128 GB)",Nothing,,"₹31,999","₹49,999",4,6 GB RAM,128 GB ROM,6000 mAh Lithium ion Battery,50MP + 8MP | 16MP Front Camera,36% off
"realme P4R 5G (Titanium Glare, 64 GB)",realme,4.2,"₹20,999","₹32,999",4,4 GB RAM,64 GB ROM,8000 mAh Lithium-ion polymer Battery,50MP Rear Camera | 8MP Front Camera,36% off
Vivo T4 Lite 5G (Prism Blue 2026) ( 4GB 64GB),Vivo,4.3,"₹16,999","₹27,999",4,4 GB RAM,64 GB ROM,6000 mAh Battery,50MP + 2MP | 5MP Front Camera,39% off
"Mivi One 5G (Green, 128 GB)",Mivi,,"₹12,999","₹21,999",5,4 GB RAM,128 GB ROM,6000 mAh Lithium Polymer Battery,50MP Rear Camera | 8MP Front Camera,40% off
"BOLTT EVO (Midnight Black, 64 GB)",BOLTT,4.3,"₹9,999","₹17,999",5,4 GB RAM,64 GB ROM,6000 mAh Lithium ion Battery,50MP + 2MP | 8MP Front Camera,44% off
"vivo T5 5G (Silver Green, 128 GB)",vivo,4.5,"₹34,999","₹49,999",5,6 GB RAM,128 GB ROM,7050 mAh Li-ion Battery,50MP + 8MP | 32MP Front Camera,30% off
"OPPO K14 Plus 5G (Solar Orange, 128 GB)",OPPO,4.7,"₹29,999","₹61,999",5,6 GB RAM,128 GB ROM,8000 mAh Battery,50MP + 2MP | 16MP Front Camera,51% off
"Samsung M06 5G (Sage Green, 128 GB)",Samsung,4.1,"₹15,490","₹15,499",5,4 GB RAM,128 GB ROM,5000 mAh Battery,50MP Rear Camera,
"REDMI Note 15 SE 5G Snapdragon (Crimson Reserve, 1",REDMI,4.3,"₹25,999","₹34,999",5,6 GB RAM,128 GB ROM,5800 mAh Lithium-Ion Polymer Battery,50MP Rear Camera | 20MP Front Camera,25% off
"MOTOROLA g37 power (PANTONE Nautical Blue, 128 GB)",MOTOROLA,4.2,"₹20,249","₹30,499",5,4 GB RAM,128 GB ROM,7000 mAh Battery,50MP Rear Camera | 8MP Front Camera,33% off
"vivo T5 Lite 44W 5G (Wave Blue, 128 GB)",vivo,4.2,"₹20,499","₹33,999",5,4 GB RAM,128 GB ROM,6500 mAh Li-ion Battery,50MP + 0.08MP | 5MP Front Camera,39% off
"MOTOROLA Edge 60 Fusion 5G (PANTONE Amazonite, 256",MOTOROLA,4.4,"₹37,999",,5,12 GB RAM,256 GB ROM,5500 mAh Battery,50MP + 13MP | 32MP Front Camera,
"Samsung Galaxy M07 (Black, 64 GB)",Samsung,4.2,"₹11,999","₹16,999",5,4 GB RAM,64 GB ROM,5000 mAh Battery,50MP + 2MP | 8MP Front Camera,29% off
"Mivi One 5G (Green, 128 GB)",Mivi,,"₹12,999","₹21,999",6,4 GB RAM,128 GB ROM,6000 mAh Lithium Polymer Battery,50MP Rear Camera | 8MP Front Camera,40% off
"BOLTT EVO (Midnight Black, 64 GB)",BOLTT,4.3,"₹9,999","₹17,999",6,4 GB RAM,64 GB ROM,6000 mAh Lithium ion Battery,50MP + 2MP | 8MP Front Camera,44% off
"BOLTT EVO (Berry Red, 128 GB)",BOLTT,4,"₹11,499","₹18,999",6,6 GB RAM,128 GB ROM,6000 mAh Lithium ion Battery,50MP + 2MP | 8MP Front Camera,39% off
"BOLTT EVO (Arctic White, 64 GB)",BOLTT,4.3,"₹9,999","₹17,999",6,4 GB RAM,64 GB ROM,6000 mAh Lithium ion Battery,50MP + 2MP | 8MP Front Camera,44% off
"REDMI 15C 5G (Dusk Purple, 128 GB)",REDMI,4.2,"₹19,580","₹31,999",6,6 GB RAM,128 GB ROM,6000 mAh Battery,50MP Rear Camera,38% off
"POCO C85x 5G (Emerald Green, 64 GB)",POCO,4.1,"₹13,999","₹20,999",6,4 GB RAM,64 GB ROM,6300 mAh Lithium-Ion Polymer Battery,32MP Rear Camera,33% off
"MOTOROLA g37 power (PANTONE Nautical Blue, 128 GB)",MOTOROLA,4.2,"₹20,249","₹30,499",6,4 GB RAM,128 GB ROM,7000 mAh Battery,50MP Rear Camera | 8MP Front Camera,33% off
"vivo T5 Lite 44W 5G (Wave Blue, 128 GB)",vivo,4.2,"₹20,499","₹33,999",6,4 GB RAM,128 GB ROM,6500 mAh Li-ion Battery,50MP + 0.08MP | 5MP Front Camera,39% off
"POCO M8x 5G (Black, 128 GB)",POCO,3.8,"₹20,999","₹49,999",6,6 GB RAM,128 GB ROM,7900 mAh Lithium-Ion Polymer Battery,50MP Rear Camera,58% off
"POCO C85x 5G (Emerald Green, 128 GB)",POCO,4.1,"₹14,999","₹21,999",6,4 GB RAM,128 GB ROM,6300 mAh Lithium-Ion Polymer Battery,32MP Rear Camera,31% off
"Mivi One 5G (Green, 128 GB)",Mivi,,"₹12,999","₹21,999",7,4 GB RAM,128 GB ROM,6000 mAh Lithium Polymer Battery,50MP Rear Camera | 8MP Front Camera,40% off
"BOLTT EVO (Midnight Black, 64 GB)",BOLTT,4.3,"₹9,999","₹17,999",7,4 GB RAM,64 GB ROM,6000 mAh Lithium ion Battery,50MP + 2MP | 8MP Front Camera,44% off
"realme P4 Lite 5G (Mosaic Green, 128 GB)",realme,4.2,"₹21,999","₹36,999",7,6 GB RAM,128 GB ROM,7000 mAh lithium-ion polymer Battery,13MP Rear Camera | 5MP Front Camera,40% off
"realme Narzo 90x 5G (Flash Blue, 128 GB)",realme,4.3,"₹21,895","₹33,999",7,6 GB RAM,128 GB ROM,7000 mAh Battery,50MP Rear Camera,35% off
"realme P4R 5G (Titanium Glare, 128 GB)",realme,4.3,"₹24,999","₹39,999",7,6 GB RAM,128 GB ROM,8000 mAh Lithium-ion polymer Battery,50MP Rear Camera | 8MP Front Camera,37% off
"realme P4 Lite 5G (Mosaic Green, 128 GB)",realme,4.2,"₹18,999","₹32,999",7,4 GB RAM,128 GB ROM,7000 mAh lithium-ion polymer Battery,13MP Rear Camera | 5MP Front Camera,42% off
"MOTOROLA g37 power (PANTONE Nautical Blue, 128 GB)",MOTOROLA,4.2,"₹20,249","₹30,499",7,4 GB RAM,128 GB ROM,7000 mAh Battery,50MP Rear Camera | 8MP Front Camera,33% off
"vivo T5 Lite 44W 5G (Wave Blue, 128 GB)",vivo,4.2,"₹20,499","₹33,999",7,4 GB RAM,128 GB ROM,6500 mAh Li-ion Battery,50MP + 0.08MP | 5MP Front Camera,39% off
"vivo T5 Lite 44W 5G (Twilight Shadow, 128 GB)",vivo,4.2,"₹20,499","₹33,999",7,4 GB RAM,128 GB ROM,6500 mAh Li-ion Battery,50MP + 0.08MP | 5MP Front Camera,39% off
"vivo T5x 5G (Cyber Green, 128 GB)",vivo,4.4,"₹27,999","₹28,999",7,6 GB RAM,128 GB ROM,7200 mAh Li-ion Battery,50MP + 2MP | 32MP Front Camera,3% off
"BOLTT EVO (Midnight Black, 64 GB)",BOLTT,4.3,"₹9,999","₹17,999",8,4 GB RAM,64 GB ROM,6000 mAh Lithium ion Battery,50MP + 2MP | 8MP Front Camera,44% off
"Mivi One 5G (Green, 128 GB)",Mivi,,"₹12,999","₹21,999",8,4 GB RAM,128 GB ROM,6000 mAh Lithium Polymer Battery,50MP Rear Camera | 8MP Front Camera,40% off
"Samsung Galaxy A06 5G (Light Gray, 64 GB)",Samsung,4.1,"₹14,964","₹19,999",8,4 GB RAM,64 GB ROM,5000 mAh Battery,50MP + 50MP | 8MP + 2MP Dual Front Camera,25% off
"BOLTT EVO (Midnight Black, 64 GB)",BOLTT,4.3,"₹9,999","₹17,999",8,4 GB RAM,64 GB ROM,6000 mAh Lithium ion Battery,50MP + 2MP | 8MP Front Camera,44% off
"realme 15 5G (Flowing Silver, 128 GB)",realme,4.4,"₹29,999",,8,8 GB RAM,128 GB ROM,7000 mAh Battery,50MP + 8MP | 50MP Front Camera,
"Ai+ Nova 2 Power 5G (Midnight Black, 128 GB)",Ai+,4.1,"₹17,999","₹29,999",8,8 GB RAM,128 GB ROM,7000 mAh Li-polymer Battery,48MP + 8MP | 13MP Front Camera,40% off
"vivo T5 Lite 44W 5G (Twilight Shadow, 128 GB)",vivo,4.2,"₹20,499","₹33,999",8,4 GB RAM,128 GB ROM,6500 mAh Li-ion Battery,50MP + 0.08MP | 5MP Front Camera,39% off
"Nothing Phone (4b) (White, 128 GB)",Nothing,,"₹31,999","₹49,999",8,6 GB RAM,128 GB ROM,6000 mAh Lithium ion Battery,50MP + 8MP | 16MP Front Camera,36% off
"LAVA Virat V1 Pro 5G (Spiti Frost, 128 GB)",LAVA,4.1,"₹15,999","₹21,999",8,6 GB RAM,128 GB ROM,6000 mAh Li-ion Battery,50MP Rear Camera,27% off
"OnePlus N6 5G (Midnight Green, 128 GB)",OnePlus,4.2,"₹27,739","₹33,999",8,6 GB RAM,128 GB ROM,8000 mAh Battery,50MP Rear Camera,18% off
"Mivi One 5G (Green, 128 GB)",Mivi,,"₹12,999","₹21,999",9,4 GB RAM,128 GB ROM,6000 mAh Lithium Polymer Battery,50MP Rear Camera | 8MP Front Camera,40% off
"BOLTT EVO (Midnight Black, 64 GB)",BOLTT,4.3,"₹9,999","₹17,999",9,4 GB RAM,64 GB ROM,6000 mAh Lithium ion Battery,50MP + 2MP | 8MP Front Camera,44% off
"vivo T5x 5G (Cosmic Green, 128 GB)",vivo,4.4,"₹27,999","₹45,999",9,6 GB RAM,128 GB ROM,7200 mAh Li-ion Battery,50MP + 2MP | 32MP Front Camera,39% off
"vivo T5 5G (Silver Green, 128 GB)",vivo,4.5,"₹39,999","₹55,999",9,8 GB RAM,128 GB ROM,7050 mAh Li-ion Battery,50MP + 8MP | 32MP Front Camera,28% off
"Samsung Galaxy A36 5G (Dark Green, 128 GB)",Samsung,4.4,"₹24,999","₹39,499",9,8 GB RAM,128 GB ROM,5000 mAh Battery,50MP + 8MP | 12MP Front Camera,36% off
"LAVA Virat V1 5G (Arya Blue, 128 GB)",LAVA,4.1,"₹14,499","₹17,499",9,4 GB RAM,128 GB ROM,6000 mAh Battery,13MP Rear Camera | 5MP Front Camera,17% off
"MOTOROLA g37 power (PANTONE Nautical Blue, 128 GB)",MOTOROLA,4.2,"₹20,249","₹30,499",9,4 GB RAM,128 GB ROM,7000 mAh Battery,50MP Rear Camera | 8MP Front Camera,33% off
"vivo T5 Lite 44W 5G (Wave Blue, 128 GB)",vivo,4.2,"₹20,499","₹33,999",9,4 GB RAM,128 GB ROM,6500 mAh Li-ion Battery,50MP + 0.08MP | 5MP Front Camera,39% off
"realme P3 Ultra 5G (Orion Red, 256 GB)",realme,4.4,"₹31,999","₹35,999",9,12 GB RAM,256 GB ROM,6000 mAh Battery,50MP + 8MP | 16MP Front Camera,11% off
"MOTOROLA g37 (PANTONE Nautical Blue, 64 GB)",MOTOROLA,4.3,"₹16,249","₹24,999",9,4 GB RAM,64 GB ROM,5200 mAh Battery,50MP Rear Camera | 8MP Front Camera,35% off
"Mivi One 5G (Green, 128 GB)",Mivi,,"₹12,999","₹21,999",10,4 GB RAM,128 GB ROM,6000 mAh Lithium Polymer Battery,50MP Rear Camera | 8MP Front Camera,40% off
"BOLTT EVO (Midnight Black, 64 GB)",BOLTT,4.3,"₹9,999","₹17,999",10,4 GB RAM,64 GB ROM,6000 mAh Lithium ion Battery,50MP + 2MP | 8MP Front Camera,44% off
"Samsung Galaxy M06 5G (Blazing Black, 64 GB)",Samsung,4.1,"₹14,789","₹14,999",10,4 GB RAM,64 GB ROM,5000 mAh Battery,50MP Rear Camera,1% off
realme P4 Power 5G Charger in the Box (TransOrange,realme,4.4,"₹30,999","₹50,999",10,8 GB RAM,128 GB ROM,10001 mAh Battery,50MP + 8MP | Yes,39% off
"vivo X200T (Seaside Lilac, 512 GB)",vivo,4.6,"₹69,999","₹87,999",10,12 GB RAM,512 GB ROM,6200 mAh Battery,50MP + 50MP + 50MP | 32MP Front Camera,20% off
"Ai+ Pulse 2 (Pink, 64 GB)",Ai+,4.1,"₹8,999","₹10,999",10,4 GB RAM,64 GB ROM,6000 mAh Battery,50MP Rear Camera | 8MP Front Camera,18% off
"MOTOROLA g37 power (PANTONE Nautical Blue, 128 GB)",MOTOROLA,4.2,"₹20,249","₹30,499",10,4 GB RAM,128 GB ROM,7000 mAh Battery,50MP Rear Camera | 8MP Front Camera,33% off
"vivo T5 Lite 44W 5G (Wave Blue, 128 GB)",vivo,4.2,"₹20,499","₹33,999",10,4 GB RAM,128 GB ROM,6500 mAh Li-ion Battery,50MP + 0.08MP | 5MP Front Camera,39% off
"OnePlus N6 5G (Fresh Mint, 128 GB)",OnePlus,4.1,"₹22,929","₹30,999",10,4 GB RAM,128 GB ROM,8000 mAh Battery,50MP Rear Camera,26% off
"realme P4R 5G (Lavender Glare, 128 GB)",realme,4.3,"₹24,999","₹39,999",10,6 GB RAM,128 GB ROM,8000 mAh Lithium-ion polymer Battery,50MP Rear Camera | 8MP Front Camera,37% off
"Mivi One 5G (Green, 128 GB)",Mivi,,"₹12,999","₹21,999",11,4 GB RAM,128 GB ROM,6000 mAh Lithium Polymer Battery,50MP Rear Camera | 8MP Front Camera,40% off
"BOLTT EVO (Midnight Black, 64 GB)",BOLTT,4.3,"₹9,999","₹17,999",11,4 GB RAM,64 GB ROM,6000 mAh Lithium ion Battery,50MP + 2MP | 8MP Front Camera,44% off
"Samsung Galaxy S25 5G Snapdragon (Navy, 256 GB)",Samsung,4.6,"₹61,999","₹1,14,999",11,12 GB RAM,256 GB ROM,4000 mAh Battery,50MP + 10MP + 12MP | 12MP Front Camera,46% off
"Samsung Galaxy M17 5G (Moonlight Silver, 128 GB)",Samsung,4.3,"₹21,859","₹29,999",11,6 GB RAM,128 GB ROM,5000 mAh Battery,50MP Rear Camera,27% off
"realme P4R 5G (Silver Glare, 128 GB)",realme,4.3,"₹24,999","₹39,999",11,6 GB RAM,128 GB ROM,8000 mAh Lithium-ion polymer Battery,50MP Rear Camera | 8MP Front Camera,37% off
"REDMI 15C 5G (Moonlight Blue, 128 GB)",REDMI,4.2,"₹19,749","₹25,399",11,6 GB RAM,128 GB ROM,6000 mAh Battery,50MP Rear Camera,22% off
"MOTOROLA g37 power (PANTONE Nautical Blue, 128 GB)",MOTOROLA,4.2,"₹20,249","₹30,499",11,4 GB RAM,128 GB ROM,7000 mAh Battery,50MP Rear Camera | 8MP Front Camera,33% off
"vivo T5 Lite 44W 5G (Wave Blue, 128 GB)",vivo,4.2,"₹20,499","₹33,999",11,4 GB RAM,128 GB ROM,6500 mAh Li-ion Battery,50MP + 0.08MP | 5MP Front Camera,39% off
"realme Narzo 100 Lite 5G (Thunder Black, 128 GB)",realme,4.2,"₹17,699","₹27,999",11,4 GB RAM,128 GB ROM,7000 mAh Battery,13MP Rear Camera,36% off
"OnePlus Nord CE6 Lite (Hyper Black, 256 GB)",OnePlus,4.3,"₹33,909","₹36,999",11,8 GB RAM,256 GB ROM,7000 mAh Battery,50MP Rear Camera | 8MP Front Camera,8% off
"BOLTT EVO (Midnight Black, 64 GB)",BOLTT,4.3,"₹9,999","₹17,999",12,4 GB RAM,64 GB ROM,6000 mAh Lithium ion Battery,50MP + 2MP | 8MP Front Camera,44% off
"Mivi One 5G (Green, 128 GB)",Mivi,,"₹12,999","₹21,999",12,4 GB RAM,128 GB ROM,6000 mAh Lithium Polymer Battery,50MP Rear Camera | 8MP Front Camera,40% off
"realme P4R 5G (Lavender Glare, 64 GB)",realme,4.2,"₹20,999","₹32,999",12,4 GB RAM,64 GB ROM,8000 mAh Lithium-ion polymer Battery,50MP Rear Camera | 8MP Front Camera,36% off
"realme Narzo 90x 5G (Aqua Blue, 128 GB)",realme,4,"₹19,785","₹24,990",12,4 GB RAM,128 GB ROM,7000 mAh Battery,50MP Rear Camera | 8MP Front Camera,20% off
"Samsung Galaxy A07 LTE (Light Violet, 64 GB)",Samsung,4.2,"₹12,932","₹12,999",12,4 GB RAM,64 GB ROM,5000 mAh Battery,50MP + 2MP,
"REDMI 15 5G (Midnight Black, 128 GB)",REDMI,4.3,"₹21,378","₹32,999",12,6 GB RAM,128 GB ROM,7000 mAh Battery,50MP Rear Camera,35% off
"MOTOROLA g37 power (PANTONE Nautical Blue, 128 GB)",MOTOROLA,4.2,"₹20,249","₹30,499",12,4 GB RAM,128 GB ROM,7000 mAh Battery,50MP Rear Camera | 8MP Front Camera,33% off
"vivo T5 Lite 44W 5G (Wave Blue, 128 GB)",vivo,4.2,"₹20,499","₹33,999",12,4 GB RAM,128 GB ROM,6500 mAh Li-ion Battery,50MP + 0.08MP | 5MP Front Camera,39% off
"Ai+ Pulse 2 (Green, 128 GB)",Ai+,4.1,"₹9,999","₹15,499",12,4 GB RAM,128 GB ROM,6000 mAh Battery,50MP Rear Camera | 8MP Front Camera,35% off
"Samsung Galaxy A36 5G (Dark Blue, 128 GB)",Samsung,4.4,"₹24,999","₹39,499",12,8 GB RAM,128 GB ROM,5000 mAh Battery,50MP + 8MP | 12MP Front Camera,36% off
"Mivi One 5G (Green, 128 GB)",Mivi,,"₹12,999","₹21,999",13,4 GB RAM,128 GB ROM,6000 mAh Lithium Polymer Battery,50MP Rear Camera | 8MP Front Camera,40% off
"BOLTT EVO (Midnight Black, 64 GB)",BOLTT,4.3,"₹9,999","₹17,999",13,4 GB RAM,64 GB ROM,6000 mAh Lithium ion Battery,50MP + 2MP | 8MP Front Camera,44% off
"realme Narzo 100 Lite 5G (Frost Silver, 128 GB)",realme,4.2,"₹20,892","₹31,999",13,6 GB RAM,128 GB ROM,7000 mAh Battery,13MP Rear Camera,34% off
realme P4 Power 5G Charger in the Box (TransOrange,realme,4.4,"₹30,999","₹50,999",13,8 GB RAM,128 GB ROM,10001 mAh Battery,50MP + 8MP | Yes,39% off
"realme Narzo 100 Lite 5G (Thunder Black, 64 GB)",realme,4.2,"₹16,723","₹24,999",13,4 GB RAM,64 GB ROM,7000 mAh Battery,13MP Rear Camera,33% off
"REDMI 15C 5G (Dusk Purple, 128 GB)",REDMI,4.2,"₹19,580","₹31,999",13,6 GB RAM,128 GB ROM,6000 mAh Battery,50MP Rear Camera,38% off
"MOTOROLA g37 power (PANTONE Nautical Blue, 128 GB)",MOTOROLA,4.2,"₹20,249","₹30,499",13,4 GB RAM,128 GB ROM,7000 mAh Battery,50MP Rear Camera | 8MP Front Camera,33% off
"vivo T5 Lite 44W 5G (Wave Blue, 128 GB)",vivo,4.2,"₹20,499","₹33,999",13,4 GB RAM,128 GB ROM,6500 mAh Li-ion Battery,50MP + 0.08MP | 5MP Front Camera,39% off
"Samsung Galaxy A56 5G (Awesome Olive, 256 GB)",Samsung,4.4,"₹48,999",,13,8 GB RAM,256 GB ROM,5000 mAh Battery,50MP + 12MP + 5MP | 12MP Front Camera,
"REDMI 15 5G (Frosted White, 256 GB)",REDMI,4.3,"₹25,322","₹29,999",13,8 GB RAM,256 GB ROM,7000 mAh Battery,50MP Rear Camera,15% off
"Mivi One 5G (Green, 128 GB)",Mivi,,"₹12,999","₹21,999",14,4 GB RAM,128 GB ROM,6000 mAh Lithium Polymer Battery,50MP Rear Camera | 8MP Front Camera,40% off
"BOLTT EVO (Midnight Black, 64 GB)",BOLTT,4.3,"₹9,999","₹17,999",14,4 GB RAM,64 GB ROM,6000 mAh Lithium ion Battery,50MP + 2MP | 8MP Front Camera,44% off
"realme P4R 5G (Titanium Glare, 128 GB)",realme,4.3,"₹24,999","₹39,999",14,6 GB RAM,128 GB ROM,8000 mAh Lithium-ion polymer Battery,50MP Rear Camera | 8MP Front Camera,37% off
"realme P4R 5G (Silver Glare, 128 GB)",realme,4.3,"₹24,999","₹39,999",14,6 GB RAM,128 GB ROM,8000 mAh Lithium-ion polymer Battery,50MP Rear Camera | 8MP Front Camera,37% off
"vivo T5 5G (Royal Bronze, 128 GB)",vivo,4.5,"₹39,999","₹55,999",14,8 GB RAM,128 GB ROM,7050 mAh Li-ion Battery,50MP + 8MP | 32MP Front Camera,28% off
"vivo T5 5G (Silver Green, 128 GB)",vivo,4.5,"₹39,999","₹55,999",14,8 GB RAM,128 GB ROM,7050 mAh Li-ion Battery,50MP + 8MP | 32MP Front Camera,28% off
"MOTOROLA g37 power (PANTONE Nautical Blue, 128 GB)",MOTOROLA,4.2,"₹20,249","₹30,499",14,4 GB RAM,128 GB ROM,7000 mAh Battery,50MP Rear Camera | 8MP Front Camera,33% off
"vivo T5 Lite 44W 5G (Wave Blue, 128 GB)",vivo,4.2,"₹20,499","₹33,999",14,4 GB RAM,128 GB ROM,6500 mAh Li-ion Battery,50MP + 0.08MP | 5MP Front Camera,39% off
"REDMI Note-14 Pro+ 5G (Spectre Blue, 128 GB)",REDMI,4.4,"₹27,795","₹34,999",14,8 GB RAM,128 GB ROM,6200 mAh Battery,50MP + 50MP + 8MP | 20MP Front Camera,20% off
"Samsung Galaxy M17e (Blitz Blue, 128 GB)",Samsung,4.1,"₹19,742","₹24,999",14,6 GB RAM,128 GB ROM,6000 mAh Battery,50MP Rear Camera | 2MP Front Camera,21% off
"BOLTT EVO (Midnight Black, 64 GB)",BOLTT,4.3,"₹9,999","₹17,999",15,4 GB RAM,64 GB ROM,6000 mAh Lithium ion Battery,50MP + 2MP | 8MP Front Camera,44% off
"Mivi One 5G (Green, 128 GB)",Mivi,,"₹12,999","₹21,999",15,4 GB RAM,128 GB ROM,6000 mAh Lithium Polymer Battery,50MP Rear Camera | 8MP Front Camera,40% off
"Samsung Galaxy A56 5G (Dark Blue, 128 GB)",Samsung,4.4,"₹35,060","₹49,999",15,8 GB RAM,128 GB ROM,5000 mAh Battery,50MP + 12MP + 5MP | 12MP Front Camera,29% off
"Samsung Galaxy F56 5G (Green, 128 GB)",Samsung,4.4,"₹29,990","₹30,999",15,8 GB RAM,128 GB ROM,5000 mAh Battery,50MP + 8MP + 2MP | 12MP Front Camera,3% off
"REDMI A7 (Sky Blue, 64 GB)",REDMI,4,"₹12,995","₹25,999",15,3 GB RAM,64 GB ROM,5200 mAh Lithium-Ion Battery,13MP Rear Camera | 8MP Front Camera,50% off
"POCO M8 (Glacial Blue, 128 GB)",POCO,4.3,"₹24,999","₹25,999",15,6 GB RAM,128 GB ROM,5520 mAh Battery,50MP Rear Camera | 20MP Front Camera,3% off
"vivo T5 Lite 44W 5G (Twilight Shadow, 128 GB)",vivo,4.2,"₹20,499","₹33,999",15,4 GB RAM,128 GB ROM,6500 mAh Li-ion Battery,50MP + 0.08MP | 5MP Front Camera,39% off
"Nothing Phone (4b) (White, 128 GB)",Nothing,,"₹31,999","₹49,999",15,6 GB RAM,128 GB ROM,6000 mAh Lithium ion Battery,50MP + 8MP | 16MP Front Camera,36% off
"realme Narzo 90x 5G (Aqua Blue, 128 GB)",realme,4.3,"₹21,632","₹33,999",15,6 GB RAM,128 GB ROM,7000 mAh Battery,50MP Rear Camera,36% off
"realme Narzo 90x 5G (Maroon Red, 128 GB)",realme,4.3,"₹21,937","₹25,099",15,6 GB RAM,128 GB ROM,7000 mAh Battery,50MP Rear Camera | 8MP Front Camera,12% off
"BOLTT EVO (Midnight Black, 64 GB)",BOLTT,4.3,"₹9,999","₹17,999",16,4 GB RAM,64 GB ROM,6000 mAh Lithium ion Battery,50MP + 2MP | 8MP Front Camera,44% off
"Mivi One 5G (Green, 128 GB)",Mivi,,"₹12,999","₹21,999",16,4 GB RAM,128 GB ROM,6000 mAh Lithium Polymer Battery,50MP Rear Camera | 8MP Front Camera,40% off
"REDMI 15C 5G (Midnight Black, 128 GB)",REDMI,4.3,"₹21,685","₹33,999",16,8 GB RAM,128 GB ROM,6000 mAh Battery,50MP Rear Camera,36% off
"Samsung M47 5G (Rogue Red, 128 GB)",Samsung,4.6,"₹33,896","₹39,999",16,8 GB RAM,128 GB ROM,6000 mAh Battery,50MP Rear Camera,15% off
"Ai+ Nova 2 Ultra 5G (Blue, 128 GB)",Ai+,4.1,"₹21,999","₹31,999",16,8 GB RAM,128 GB ROM,6000 mAh Li-polymer Battery,50MP + 8MP | 13MP Front Camera,31% off
"REDMI 15C 5G (Moonlight Blue, 128 GB)",REDMI,4.3,"₹21,756","₹33,999",16,8 GB RAM,128 GB ROM,6000 mAh Battery,50MP Rear Camera,36% off
"vivo T5 Lite 44W 5G (Twilight Shadow, 128 GB)",vivo,4.2,"₹20,499","₹33,999",16,4 GB RAM,128 GB ROM,6500 mAh Li-ion Battery,50MP + 0.08MP | 5MP Front Camera,39% off
"Nothing Phone (4b) (White, 128 GB)",Nothing,,"₹31,999","₹49,999",16,6 GB RAM,128 GB ROM,6000 mAh Lithium ion Battery,50MP + 8MP | 16MP Front Camera,36% off
"vivo T5x 5G (Satin Silver, 128 GB)",vivo,4.4,"₹27,999","₹45,999",16,6 GB RAM,128 GB ROM,7200 mAh Li-ion Battery,50MP + 2MP | 32MP Front Camera,39% off
"OnePlus Nord 6 (Pitch Black, 256 GB)",OnePlus,4.5,"₹46,990","₹52,999",16,8 GB RAM,256 GB ROM,9000 mAh Battery,50MP Rear Camera,11% off
"BOLTT EVO (Midnight Black, 64 GB)",BOLTT,4.3,"₹9,999","₹17,999",17,4 GB RAM,64 GB ROM,6000 mAh Lithium ion Battery,50MP + 2MP | 8MP Front Camera,44% off
"Nothing Phone (4b) (White, 128 GB)",Nothing,,"₹31,999","₹49,999",17,6 GB RAM,128 GB ROM,6000 mAh Lithium ion Battery,50MP + 8MP | 16MP Front Camera,36% off
"Samsung Galaxy F36 5G (Violet, 128 GB)",Samsung,4.2,"₹24,998","₹24,999",17,8 GB RAM,128 GB ROM,5000 mAh Battery,50MP + 8MP + 2MP | 13MP Front Camera,
"REDMI 15C 5G (Moonlight Blue, 128 GB)",REDMI,4.2,"₹19,749","₹25,399",17,6 GB RAM,128 GB ROM,6000 mAh Battery,50MP Rear Camera,22% off
"REDMI Note 15 SE 5G Snapdragon (Crimson Reserve, 1",REDMI,4.3,"₹27,999","₹35,999",17,8 GB RAM,128 GB ROM,5800 mAh Lithium-Ion Polymer Battery,50MP Rear Camera | 20MP Front Camera,22% off
"vivo X300 Pro (Dune Gold, 512 GB)",vivo,4.8,"₹1,19,999",,17,16 GB RAM,512 GB ROM,6510 mAh Battery,50MP + 50MP + 200MP | 50MP Front Camera,
"vivo T5 Lite 44W 5G (Twilight Shadow, 128 GB)",vivo,4.2,"₹20,499","₹33,999",17,4 GB RAM,128 GB ROM,6500 mAh Li-ion Battery,50MP + 0.08MP | 5MP Front Camera,39% off
"Mivi One 5G (Burgundy, 128 GB)",Mivi,,"₹14,999","₹23,999",17,6 GB RAM,128 GB ROM,6000 mAh Lithium Polymer Battery,50MP Rear Camera | 8MP Front Camera,37% off
"vivo X300 Pro (Elite Black, 512 GB)",vivo,4.8,"₹1,19,999",,17,16 GB RAM,512 GB ROM,6510 mAh Battery,50MP + 50MP + 200MP | 50MP Front Camera,
"Samsung Galaxy F06 5G (Bahama Blue, 128 GB)",Samsung,4.2,"₹18,990","₹18,999",17,6 GB RAM,128 GB ROM,5000 mAh Battery,50MP + 2MP | 8MP Front Camera,
"BOLTT EVO (Midnight Black, 64 GB)",BOLTT,4.3,"₹9,999","₹17,999",18,4 GB RAM,64 GB ROM,6000 mAh Lithium ion Battery,50MP + 2MP | 8MP Front Camera,44% off
"Mivi One 5G (Green, 128 GB)",Mivi,,"₹12,999","₹21,999",18,4 GB RAM,128 GB ROM,6000 mAh Lithium Polymer Battery,50MP Rear Camera | 8MP Front Camera,40% off
Vivo T4 Lite 5G (Titanium Gold 2026) (4GB 64GB),Vivo,4.3,"₹16,999","₹27,999",18,4 GB RAM,64 GB ROM,6000 mAh Battery,50MP + 2MP | 5MP Front Camera,39% off
"Samsung Galaxy M17e (Blitz Blue, 128 GB)",Samsung,4.1,"₹19,742","₹24,999",18,6 GB RAM,128 GB ROM,6000 mAh Battery,50MP Rear Camera | 2MP Front Camera,21% off
"realme P4R 5G (Lavender Glare, 128 GB)",realme,4.2,"₹21,999","₹34,999",18,4 GB RAM,128 GB ROM,8000 mAh Lithium-ion polymer Battery,50MP Rear Camera | 8MP Front Camera,37% off
"realme P4R 5G (Silver Glare, 128 GB)",realme,4.2,"₹21,999","₹34,999",18,4 GB RAM,128 GB ROM,8000 mAh Lithium-ion polymer Battery,50MP Rear Camera | 8MP Front Camera,37% off
"vivo T5 Lite 44W 5G (Twilight Shadow, 128 GB)",vivo,4.2,"₹20,499","₹33,999",18,4 GB RAM,128 GB ROM,6500 mAh Li-ion Battery,50MP + 0.08MP | 5MP Front Camera,39% off
"Nothing Phone (4b) (White, 128 GB)",Nothing,,"₹31,999","₹49,999",18,6 GB RAM,128 GB ROM,6000 mAh Lithium ion Battery,50MP + 8MP | 16MP Front Camera,36% off
"Samsung Galaxy A07 LTE (Black, 64 GB)",Samsung,4.2,"₹12,423","₹12,999",18,4 GB RAM,64 GB ROM,5000 mAh Battery,50MP + 2MP,4% off
"Apple iPhone 18 Pro (Glacier, 256 GB)",Apple,4.6,"₹1,64,900",,18,,256 GB ROM,,48MP + 48MP + 48MP | 18MP Front Camera,
"Nothing Phone (4a) (Blue, 256 GB)",Nothing,4.5,"₹49,999","₹62,999",19,8 GB RAM,256 GB ROM,5400 mAh Lithium ion Battery,50MP + 50MP + 8MP | 32MP Front Camera,20% off
"Nothing Phone (4a) (White, 256 GB)",Nothing,4.5,"₹49,999","₹62,999",19,8 GB RAM,256 GB ROM,5400 mAh Lithium ion Battery,50MP + 50MP + 8MP | 32MP Front Camera,20% off
"REDMI Note 14 Pro 5G (Titan Black, 128 GB)",REDMI,4.3,"₹25,967","₹28,999",19,8 GB RAM,128 GB ROM,5500 mAh Battery,50MP Rear Camera,10% off
"OPPO K14 5G (Prism Violet, 128 GB)",OPPO,4.4,"₹25,999",,19,6 GB RAM,128 GB ROM,7000 mAh Battery,50MP Rear Camera | 8MP Front Camera,
"Samsung Galaxy S25 5G Snapdragon (Icyblue, 256 GB)",Samsung,4.6,"₹61,999","₹1,14,999",19,12 GB RAM,256 GB ROM,4000 mAh Battery,50MP + 10MP + 12MP | 12MP Front Camera,46% off
"REDMI 15C 5G (Moonlight Blue, 128 GB)",REDMI,3.7,"₹17,245","₹24,990",19,4 GB RAM,128 GB ROM,6000 mAh Battery,50MP Rear Camera,30% off
"REDMI 15C 5G (Dusk Purple, 128 GB)",REDMI,3.7,"₹17,943","₹22,999",19,4 GB RAM,128 GB ROM,6000 mAh Battery,50MP Rear Camera,21% off
"vivo S2 (Regal Bronze, 256 GB)",vivo,4.4,"₹48,999","₹70,999",19,8 GB RAM,256 GB ROM,7050 mAh Lithium-ion Battery,50MP + 2MP | 32MP Front Camera,30% off
"realme Narzo 90x 5G (Maroon Red, 128 GB)",realme,4,"₹19,799","₹29,999",19,4 GB RAM,128 GB ROM,7000 mAh Battery,50MP Rear Camera | 8MP Front Camera,34% off
"POCO M8 (Frost Silver, 128 GB)",POCO,4.3,"₹24,999","₹25,999",19,6 GB RAM,128 GB ROM,5520 mAh Battery,50MP Rear Camera | 20MP Front Camera,3% off
"BOLTT EVO (Midnight Black, 64 GB)",BOLTT,4.3,"₹9,999","₹17,999",20,4 GB RAM,64 GB ROM,6000 mAh Lithium ion Battery,50MP + 2MP | 8MP Front Camera,44% off
"Mivi One 5G (Green, 128 GB)",Mivi,,"₹12,999","₹21,999",20,4 GB RAM,128 GB ROM,6000 mAh Lithium Polymer Battery,50MP Rear Camera | 8MP Front Camera,40% off
"Samsung Galaxy S25 5G Snapdragon (Icyblue, 256 GB)",Samsung,4.6,"₹61,999","₹1,14,999",20,12 GB RAM,256 GB ROM,4000 mAh Battery,50MP + 10MP + 12MP | 12MP Front Camera,46% off
"REDMI 15C 5G (Moonlight Blue, 128 GB)",REDMI,3.7,"₹17,245","₹24,990",20,4 GB RAM,128 GB ROM,6000 mAh Battery,50MP Rear Camera,30% off
"REDMI 15C 5G (Dusk Purple, 128 GB)",REDMI,3.7,"₹17,943","₹22,999",20,4 GB RAM,128 GB ROM,6000 mAh Battery,50MP Rear Camera,21% off
"realme Narzo 90x 5G (Maroon Red, 128 GB)",realme,4,"₹19,799","₹29,999",20,4 GB RAM,128 GB ROM,7000 mAh Battery,50MP Rear Camera | 8MP Front Camera,34% off
"vivo T5 Lite 44W 5G (Twilight Shadow, 128 GB)",vivo,4.2,"₹20,499","₹33,999",20,4 GB RAM,128 GB ROM,6500 mAh Li-ion Battery,50MP + 0.08MP | 5MP Front Camera,39% off
"Nothing Phone (4b) (White, 128 GB)",Nothing,,"₹31,999","₹49,999",20,6 GB RAM,128 GB ROM,6000 mAh Lithium ion Battery,50MP + 8MP | 16MP Front Camera,36% off
"vivo S2 (Regal Bronze, 256 GB)",vivo,4.4,"₹48,999","₹70,999",20,8 GB RAM,256 GB ROM,7050 mAh Lithium-ion Battery,50MP + 2MP | 32MP Front Camera,30% off
"POCO M8 (Frost Silver, 128 GB)",POCO,4.3,"₹24,999","₹25,999",20,6 GB RAM,128 GB ROM,5520 mAh Battery,50MP Rear Camera | 20MP Front Camera,3% off
"BOLTT EVO (Midnight Black, 64 GB)",BOLTT,4.3,"₹9,999","₹17,999",21,4 GB RAM,64 GB ROM,6000 mAh Lithium ion Battery,50MP + 2MP | 8MP Front Camera,44% off
"Nothing Phone (4b) (White, 128 GB)",Nothing,,"₹31,999","₹49,999",21,6 GB RAM,128 GB ROM,6000 mAh Lithium ion Battery,50MP + 8MP | 16MP Front Camera,36% off
"realme Narzo 90x 5G (Aqua Blue, 128 GB)",realme,4.3,"₹24,373","₹24,499",21,8 GB RAM,128 GB ROM,7000 mAh Battery,50MP Rear Camera,
"realme Narzo 90x 5G (Aqua Blue, 128 GB)",realme,4,"₹19,785","₹24,990",21,4 GB RAM,128 GB ROM,7000 mAh Battery,50MP Rear Camera | 8MP Front Camera,20% off
"Samsung Galaxy A36 5G (Awesome Lavender, 128 GB)",Samsung,4.4,"₹24,999","₹39,499",21,8 GB RAM,128 GB ROM,5000 mAh Battery,50MP + 8MP | 12MP Front Camera,36% off
"vivo S2 (Silk White, 128 GB)",vivo,4.4,"₹42,999","₹66,999",21,8 GB RAM,128 GB ROM,7050 mAh Lithium-ion Battery,50MP + 2MP | 32MP Front Camera,35% off
"vivo T5 Lite 44W 5G (Twilight Shadow, 128 GB)",vivo,4.2,"₹20,499","₹33,999",21,4 GB RAM,128 GB ROM,6500 mAh Li-ion Battery,50MP + 0.08MP | 5MP Front Camera,39% off
"MOTOROLA g37 power (PANTONE Nautical Blue, 128 GB)",MOTOROLA,4.2,"₹20,249","₹30,499",21,4 GB RAM,128 GB ROM,7000 mAh Battery,50MP Rear Camera | 8MP Front Camera,33% off
"vivo S2 (Regal Bronze, 128 GB)",vivo,4.4,"₹42,999","₹66,999",21,8 GB RAM,128 GB ROM,7050 mAh Lithium-ion Battery,50MP + 2MP | 32MP Front Camera,35% off
"Samsung M47 5G (Blaze Blue, 128 GB)",Samsung,4.6,"₹33,980","₹49,999",21,8 GB RAM,128 GB ROM,6000 mAh Battery,50MP Rear Camera,32% off
"BOLTT EVO (Midnight Black, 64 GB)",BOLTT,4.3,"₹9,999","₹17,999",22,4 GB RAM,64 GB ROM,6000 mAh Lithium ion Battery,50MP + 2MP | 8MP Front Camera,44% off
"Nothing Phone (4b) (White, 128 GB)",Nothing,,"₹31,999","₹49,999",22,6 GB RAM,128 GB ROM,6000 mAh Lithium ion Battery,50MP + 8MP | 16MP Front Camera,36% off
realme P4 Power 5G Charger in the Box (TransSilver,realme,4.4,"₹33,999","₹55,999",22,8 GB RAM,256 GB ROM,10001 mAh Battery,50MP + 8MP | Yes,39% off
"Samsung Galaxy S26 Ultra 5G (Cobalt Violet, 256 GB",Samsung,4.6,"₹1,24,989","₹1,39,999",22,12 GB RAM,256 GB ROM,5000 mAh Li-ion Battery,200MP + 50MP | 12MP Front Camera,10% off
Vivo T4 Lite 5G (Titanium Gold 2026) (4GB 128GB),Vivo,4.3,"₹18,999","₹28,999",22,4 GB RAM,128 GB ROM,6000 mAh Battery,50MP + 2MP | 5MP Front Camera,34% off
"Samsung Galaxy S25 Plus 5G (Navy, 256 GB)",Samsung,4.6,"₹75,519","₹99,999",22,12 GB RAM,256 GB ROM,4900 mAh Battery,50MP + 10MP + 12MP | 12MP Front Camera,24% off
"vivo T5 Lite 44W 5G (Twilight Shadow, 128 GB)",vivo,4.2,"₹20,499","₹33,999",22,4 GB RAM,128 GB ROM,6500 mAh Li-ion Battery,50MP + 0.08MP | 5MP Front Camera,39% off
"MOTOROLA g37 power (PANTONE Nautical Blue, 128 GB)",MOTOROLA,4.2,"₹20,249","₹30,499",22,4 GB RAM,128 GB ROM,7000 mAh Battery,50MP Rear Camera | 8MP Front Camera,33% off
"Samsung Galaxy F17 5G (Neo Black, 128 GB)",Samsung,4.1,"₹19,980","₹23,999",22,4 GB RAM,128 GB ROM,5000 mAh Battery,50MP + 5MP | 13MP Front Camera,16% off
"OnePlus N6X (Ice Blue, 128 GB)",OnePlus,4,"₹21,390","₹28,999",22,4 GB RAM,128 GB ROM,7000 mAh Battery,13MP Rear Camera,26% off
"BOLTT EVO (Midnight Black, 64 GB)",BOLTT,4.3,"₹9,999","₹17,999",23,4 GB RAM,64 GB ROM,6000 mAh Lithium ion Battery,50MP + 2MP | 8MP Front Camera,44% off
"Mivi One 5G (Green, 128 GB)",Mivi,,"₹12,999","₹21,999",23,4 GB RAM,128 GB ROM,6000 mAh Lithium Polymer Battery,50MP Rear Camera | 8MP Front Camera,40% off
"vivo Y11 5G (Mystic Blue, 64 GB)",vivo,4.1,"₹18,999","₹39,999",23,4 GB RAM,64 GB ROM,6500 mAh Li-ion Battery,13MP + 0.08MP | 5MP Front Camera,52% off
"realme Narzo 90x 5G (Flash Blue, 128 GB)",realme,4.3,"₹21,895","₹33,999",23,6 GB RAM,128 GB ROM,7000 mAh Battery,50MP Rear Camera,35% off
"realme P4x 5G (Lake Green, 128 GB)",realme,4.3,"₹27,999","₹43,999",23,8 GB RAM,128 GB ROM,7000 mAh Battery,50MP + 2MP | 8MP Front Camera,36% off
"POCO X8 Power 5G (Yellow, 256 GB)",POCO,4.3,"₹34,999","₹84,999",23,8 GB RAM,256 GB ROM,10000 mAh Lithium-Ion Polymer Battery,50MP + 8MP | 32MP Front Camera,58% off
"vivo T5 Lite 44W 5G (Wave Blue, 128 GB)",vivo,4.2,"₹20,499","₹33,999",23,4 GB RAM,128 GB ROM,6500 mAh Li-ion Battery,50MP + 0.08MP | 5MP Front Camera,39% off
"MOTOROLA g37 power (PANTONE Nautical Blue, 128 GB)",MOTOROLA,4.2,"₹20,249","₹30,499",23,4 GB RAM,128 GB ROM,7000 mAh Battery,50MP Rear Camera | 8MP Front Camera,33% off
"REDMI A7 (Sky Blue, 64 GB)",REDMI,4,"₹12,995","₹25,999",23,3 GB RAM,64 GB ROM,5200 mAh Lithium-Ion Battery,13MP Rear Camera | 8MP Front Camera,50% off
"Samsung Galaxy A17 5G (Black, 256 GB)",Samsung,4.3,"₹31,949","₹34,999",23,8 GB RAM,256 GB ROM,5000 mAh Battery,50MP + 5MP + 2MP | 13MP Front Camera,8% off
"BOLTT EVO (Midnight Black, 64 GB)",BOLTT,4.3,"₹9,999","₹17,999",24,4 GB RAM,64 GB ROM,6000 mAh Lithium ion Battery,50MP + 2MP | 8MP Front Camera,44% off
"vivo T5 Lite 44W 5G (Wave Blue, 128 GB)",vivo,4.2,"₹20,499","₹33,999",24,4 GB RAM,128 GB ROM,6500 mAh Li-ion Battery,50MP + 0.08MP | 5MP Front Camera,39% off
"realme P4x 5G (Lake Green, 128 GB)",realme,4.3,"₹25,999","₹38,999",24,6 GB RAM,128 GB ROM,7000 mAh Battery,50MP + 2MP | 8MP Front Camera,33% off
"Nothing Phone (4a) (Blue, 256 GB)",Nothing,4.5,"₹50,999","₹65,999",24,12 GB RAM,256 GB ROM,5400 mAh Lithium ion Battery,50MP + 50MP + 8MP | 32MP Front Camera,22% off
"POCO X8 Pro (White, 256 GB)",POCO,4.3,"₹36,999","₹50,999",24,8 GB RAM,256 GB ROM,6500 mAh Lithium-Ion Polymer With Silicon Carbon Technology Battery,50MP + 8MP | 20MP Front Camera,27% off
"REDMI Note 15 5G (Black, 128 GB)",REDMI,4.4,"₹28,699","₹36,999",24,8 GB RAM,128 GB ROM,5520 mAh Battery,108MP Rear Camera,22% off
"MOTOROLA g37 power (PANTONE Nautical Blue, 128 GB)",MOTOROLA,4.2,"₹20,249","₹30,499",24,4 GB RAM,128 GB ROM,7000 mAh Battery,50MP Rear Camera | 8MP Front Camera,33% off
MOTOROLA Edge 70 Fusion Snapdragon (Pantone COUNTR,MOTOROLA,4.3,"₹34,999","₹59,999",24,12 GB RAM,256 GB ROM,7000 mAh Battery,50MP + 13MP | 32MP Front Camera,41% off
"Nothing Phone (4a) (Black, 128 GB)",Nothing,4.5,"₹44,999","₹59,999",24,8 GB RAM,128 GB ROM,5400 mAh Lithium ion Battery,50MP + 50MP + 8MP | 32MP Front Camera,25% off
"realme Narzo 90x 5G (Aqua Blue, 128 GB)",realme,4,"₹19,785","₹24,990",24,4 GB RAM,128 GB ROM,7000 mAh Battery,50MP Rear Camera | 8MP Front Camera,20% off
"Mivi One 5G (Green, 128 GB)",Mivi,,"₹12,999","₹21,999",25,4 GB RAM,128 GB ROM,6000 mAh Lithium Polymer Battery,50MP Rear Camera | 8MP Front Camera,40% off
"BOLTT EVO (Midnight Black, 64 GB)",BOLTT,4.3,"₹9,999","₹17,999",25,4 GB RAM,64 GB ROM,6000 mAh Lithium ion Battery,50MP + 2MP | 8MP Front Camera,44% off
"realme P4R 5G (Silver Glare, 128 GB)",realme,4.2,"₹21,999","₹34,999",25,4 GB RAM,128 GB ROM,8000 mAh Lithium-ion polymer Battery,50MP Rear Camera | 8MP Front Camera,37% off
"Samsung Galaxy F17 5G (Violet Pop, 128 GB)",Samsung,4.2,"₹23,490","₹30,999",25,6 GB RAM,128 GB ROM,5000 mAh Battery,50MP + 5MP | 13MP Front Camera,24% off
"vivo T5x 5G (Cosmic Green, 128 GB)",vivo,4.4,"₹27,999","₹45,999",25,6 GB RAM,128 GB ROM,7200 mAh Li-ion Battery,50MP + 2MP | 32MP Front Camera,39% off
"Nothing Phone (4a) (Black, 256 GB)",Nothing,4.5,"₹49,999","₹62,999",25,8 GB RAM,256 GB ROM,5400 mAh Lithium ion Battery,50MP + 50MP + 8MP | 32MP Front Camera,20% off
"MOTOROLA g37 power (PANTONE Nautical Blue, 128 GB)",MOTOROLA,4.2,"₹20,249","₹30,499",25,4 GB RAM,128 GB ROM,7000 mAh Battery,50MP Rear Camera | 8MP Front Camera,33% off
"vivo T5 Lite 44W 5G (Wave Blue, 128 GB)",vivo,4.2,"₹20,499","₹33,999",25,4 GB RAM,128 GB ROM,6500 mAh Li-ion Battery,50MP + 0.08MP | 5MP Front Camera,39% off
"realme P4 5G (Steel Grey, 128 GB)",realme,4.4,"₹30,999","₹45,999",25,8 GB RAM,128 GB ROM,7000 mAh Battery,50MP + 8MP | 16MP Front Camera,32% off
"vivo S2 (Regal Bronze, 128 GB)",vivo,4.4,"₹42,999","₹66,999",25,8 GB RAM,128 GB ROM,7050 mAh Lithium-ion Battery,50MP + 2MP | 32MP Front Camera,35% off
"BOLTT EVO (Midnight Black, 64 GB)",BOLTT,4.3,"₹9,999","₹17,999",26,4 GB RAM,64 GB ROM,6000 mAh Lithium ion Battery,50MP + 2MP | 8MP Front Camera,44% off
"Mivi One 5G (Green, 128 GB)",Mivi,,"₹12,999","₹21,999",26,4 GB RAM,128 GB ROM,6000 mAh Lithium Polymer Battery,50MP Rear Camera | 8MP Front Camera,40% off
"Samsung Galaxy F17 5G (Violet Pop, 128 GB)",Samsung,4.2,"₹23,490","₹30,999",26,6 GB RAM,128 GB ROM,5000 mAh Battery,50MP + 5MP | 13MP Front Camera,24% off
"Samsung Galaxy A56 5G (Awesome Olive, 128 GB)",Samsung,4.4,"₹36,995","₹45,990",26,8 GB RAM,128 GB ROM,5000 mAh Battery,50MP + 12MP + 5MP | 12MP Front Camera,19% off
"realme P4 5G (Steel Grey, 128 GB)",realme,4.4,"₹30,999","₹45,999",26,8 GB RAM,128 GB ROM,7000 mAh Battery,50MP + 8MP | 16MP Front Camera,32% off
"Samsung Galaxy A07 5G (Black, 128 GB)",Samsung,4.3,"₹21,495","₹26,999",26,6 GB RAM,128 GB ROM,6000 mAh Li-ion Battery,50MP + 2MP | 8MP Front Camera,20% off
"vivo T5 Lite 44W 5G (Twilight Shadow, 128 GB)",vivo,4.2,"₹20,499","₹33,999",26,4 GB RAM,128 GB ROM,6500 mAh Li-ion Battery,50MP + 0.08MP | 5MP Front Camera,39% off
"Nothing Phone (4b) (White, 128 GB)",Nothing,,"₹31,999","₹49,999",26,6 GB RAM,128 GB ROM,6000 mAh Lithium ion Battery,50MP + 8MP | 16MP Front Camera,36% off
"Samsung Galaxy A07 5G (Light Violet, 128 GB)",Samsung,4.3,"₹20,999","₹21,499",26,6 GB RAM,128 GB ROM,6000 mAh Li-ion Battery,50MP + 2MP | 8MP Front Camera,2% off
"Samsung Galaxy A17 5G (Blue, 128 GB)",Samsung,4.3,"₹26,798","₹34,999",26,8 GB RAM,128 GB ROM,5000 mAh Battery,50MP + 5MP + 2MP | 13MP Front Camera,23% off
"Mivi One 5G (Green, 128 GB)",Mivi,,"₹12,999","₹21,999",27,4 GB RAM,128 GB ROM,6000 mAh Lithium Polymer Battery,50MP Rear Camera | 8MP Front Camera,40% off
"BOLTT EVO (Midnight Black, 64 GB)",BOLTT,4.3,"₹9,999","₹17,999",27,4 GB RAM,64 GB ROM,6000 mAh Lithium ion Battery,50MP + 2MP | 8MP Front Camera,44% off
"vivo T5x 5G (Fusion Red, 256 GB)",vivo,4.4,"₹33,999",,27,8 GB RAM,256 GB ROM,7200 mAh Li-ion Battery,50MP + 2MP | 32MP Front Camera,
"POCO F7 5G (Phantom Black, 256 GB)",POCO,4.4,"₹35,999",,27,12 GB RAM,256 GB ROM,"7550 mAh Li-Polymer + Silicon Carbon Battery, Battery 7550mAh, 90W charger, 22.5W reverse charging","50MP Rear Camera | 20MP Front Camera, Rear Camera -50MP Main Camera -8MP Ultra-wide Camera with night mode and ultra-wide video recording, Front camera -20MP with Portrait Mode | | Front Video Recording | Night Mode",
"Apple iPhone 18 Pro (Silver, 256 GB)",Apple,4.6,"₹1,64,900",,27,,256 GB ROM,,48MP + 48MP + 48MP | 18MP Front Camera,
"realme GT 8 Pro (Urban Blue, 256 GB)",realme,4.3,"₹72,999","₹79,999",27,12 GB RAM,256 GB ROM,7000 mAh Battery,50MP + 50MP + 200MP | 32MP Front Camera,8% off
"MOTOROLA g37 power (PANTONE Nautical Blue, 128 GB)",MOTOROLA,4.2,"₹20,249","₹30,499",27,4 GB RAM,128 GB ROM,7000 mAh Battery,50MP Rear Camera | 8MP Front Camera,33% off
"vivo T5 Lite 44W 5G (Wave Blue, 128 GB)",vivo,4.2,"₹20,499","₹33,999",27,4 GB RAM,128 GB ROM,6500 mAh Li-ion Battery,50MP + 0.08MP | 5MP Front Camera,39% off
"realme GT 8 Pro (Diary White, 256 GB)",realme,4.3,"₹72,999","₹79,999",27,12 GB RAM,256 GB ROM,7000 mAh Battery,50MP + 50MP + 200MP | 32MP Front Camera,8% off
"Apple iPhone 18 Pro max (Glacier, 512 GB)",Apple,4.8,"₹2,04,900",,27,,512 GB ROM,,48MP + 48MP + 48MP | 18MP Front Camera,
"BOLTT EVO (Midnight Black, 64 GB)",BOLTT,4.3,"₹9,999","₹17,999",28,4 GB RAM,64 GB ROM,6000 mAh Lithium ion Battery,50MP + 2MP | 8MP Front Camera,44% off
"Mivi One 5G (Green, 128 GB)",Mivi,,"₹12,999","₹21,999",28,4 GB RAM,128 GB ROM,6000 mAh Lithium Polymer Battery,50MP Rear Camera | 8MP Front Camera,40% off
"Samsung Galaxy S24 5G Snapdragon (Onyx Black, 128 ",Samsung,4.6,"₹49,999","₹74,999",28,8 GB RAM,128 GB ROM,4000 mAh Battery,50MP + 12MP | 12MP Front Camera,33% off
"Samsung Galaxy A06 5G (Black, 64 GB)",Samsung,4.1,"₹15,189","₹20,999",28,4 GB RAM,64 GB ROM,5000 mAh Li-ion Battery,50MP + 2MP | 8MP Front Camera,27% off
"POCO M8 (Frost Silver, 256 GB)",POCO,4.3,"₹28,999","₹29,999",28,8 GB RAM,256 GB ROM,5520 mAh Battery,50MP Rear Camera | 20MP Front Camera,3% off
"realme P4 Lite 5G (Mosaic Green, 128 GB)",realme,4.2,"₹21,999","₹36,999",28,6 GB RAM,128 GB ROM,7000 mAh lithium-ion polymer Battery,13MP Rear Camera | 5MP Front Camera,40% off
"vivo T5 Lite 44W 5G (Wave Blue, 128 GB)",vivo,4.2,"₹20,499","₹33,999",28,4 GB RAM,128 GB ROM,6500 mAh Li-ion Battery,50MP + 0.08MP | 5MP Front Camera,39% off
"MOTOROLA g37 power (PANTONE Nautical Blue, 128 GB)",MOTOROLA,4.2,"₹20,249","₹30,499",28,4 GB RAM,128 GB ROM,7000 mAh Battery,50MP Rear Camera | 8MP Front Camera,33% off
"realme Gt 7 (Icesense Black, 512 GB)",realme,4.5,"₹52,999",,28,12 GB RAM,512 GB ROM,7000 mAh Battery,50MP + 50MP + 50MP + 8MP | 32MP + 32MP Dual Front Camera,
"MOTOROLA G77 Power (PANTONE Nautical Blue, 128 GB)",MOTOROLA,3.5,"₹21,249","₹41,999",28,4 GB RAM,128 GB ROM,7000 mAh Battery,50MP + 8MP | 32MP Front Camera,49% off
"BOLTT EVO (Midnight Black, 64 GB)",BOLTT,4.3,"₹9,999","₹17,999",29,4 GB RAM,64 GB ROM,6000 mAh Lithium ion Battery,50MP + 2MP | 8MP Front Camera,44% off
"Mivi One 5G (Green, 128 GB)",Mivi,,"₹12,999","₹21,999",29,4 GB RAM,128 GB ROM,6000 mAh Lithium Polymer Battery,50MP Rear Camera | 8MP Front Camera,40% off
"Samsung Galaxy A56 5G (Awesome Light Gray, 256 GB)",Samsung,4.4,"₹48,999",,29,8 GB RAM,256 GB ROM,5000 mAh Battery,50MP + 12MP + 5MP | 12MP Front Camera,
"Apple iPhone 17 (Black, 256 GB)",Apple,4.6,"₹84,999","₹99,900",29,,256 GB ROM,,48MP + 48MP | 18MP Front Camera,14% off
"realme P4 Lite 5G (Mosaic Green, 128 GB)",realme,4.2,"₹21,999","₹36,999",29,6 GB RAM,128 GB ROM,7000 mAh lithium-ion polymer Battery,13MP Rear Camera | 5MP Front Camera,40% off
"POCO M8 (Frost Silver, 256 GB)",POCO,4.3,"₹28,999","₹29,999",29,8 GB RAM,256 GB ROM,5520 mAh Battery,50MP Rear Camera | 20MP Front Camera,3% off
"vivo T5 Lite 44W 5G (Twilight Shadow, 128 GB)",vivo,4.2,"₹20,499","₹33,999",29,4 GB RAM,128 GB ROM,6500 mAh Li-ion Battery,50MP + 0.08MP | 5MP Front Camera,39% off
"Nothing Phone (4b) (White, 128 GB)",Nothing,,"₹31,999","₹49,999",29,6 GB RAM,128 GB ROM,6000 mAh Lithium ion Battery,50MP + 8MP | 16MP Front Camera,36% off
"realme Gt 7 (Icesense Black, 512 GB)",realme,4.5,"₹52,999",,29,12 GB RAM,512 GB ROM,7000 mAh Battery,50MP + 50MP + 50MP + 8MP | 32MP + 32MP Dual Front Camera,
"MOTOROLA G77 Power (PANTONE Nautical Blue, 128 GB)",MOTOROLA,3.5,"₹21,249","₹41,999",29,4 GB RAM,128 GB ROM,7000 mAh Battery,50MP + 8MP | 32MP Front Camera,49% off
"BOLTT EVO (Midnight Black, 64 GB)",BOLTT,4.3,"₹9,999","₹17,999",30,4 GB RAM,64 GB ROM,6000 mAh Lithium ion Battery,50MP + 2MP | 8MP Front Camera,44% off
"Mivi One 5G (Green, 128 GB)",Mivi,,"₹12,999","₹21,999",30,4 GB RAM,128 GB ROM,6000 mAh Lithium Polymer Battery,50MP Rear Camera | 8MP Front Camera,40% off
"REDMI Note 15 5G (Mist Purple, 128 GB)",REDMI,4.4,"₹26,999",,30,8 GB RAM,128 GB ROM,5520 mAh Battery,108MP Rear Camera,
"Samsung M36 5G (Light Green, 128 GB)",Samsung,4.3,"₹23,918","₹26,999",30,6 GB RAM,128 GB ROM,5000 mAh Battery,50MP Rear Camera,11% off
"Samsung Galaxy S26 Ultra 5G (White, 512 GB)",Samsung,4.6,"₹1,59,999",,30,12 GB RAM,512 GB ROM,5000 mAh Li-ion Battery,200MP + 50MP | 12MP Front Camera,
"REDMI Note 15 SE 5G Snapdragon (Carbon Black, 128 ",REDMI,4.3,"₹27,999","₹35,999",30,8 GB RAM,128 GB ROM,5800 mAh Lithium-Ion Polymer Battery,50MP Rear Camera | 20MP Front Camera,22% off
"vivo T5 Lite 44W 5G (Wave Blue, 128 GB)",vivo,4.2,"₹20,499","₹33,999",30,4 GB RAM,128 GB ROM,6500 mAh Li-ion Battery,50MP + 0.08MP | 5MP Front Camera,39% off
"MOTOROLA g37 power (PANTONE Nautical Blue, 128 GB)",MOTOROLA,4.2,"₹20,249","₹30,499",30,4 GB RAM,128 GB ROM,7000 mAh Battery,50MP Rear Camera | 8MP Front Camera,33% off
"vivo T5e (Aero Blue, 64 GB)",vivo,3.8,"₹13,999","₹26,999",30,4 GB RAM,64 GB ROM,5500 mAh Li-ion Battery,8MP Rear Camera | 5MP Front Camera,48% off
"BOLTT EVO (Midnight Black, 128 GB)",BOLTT,4,"₹11,499","₹18,999",30,6 GB RAM,128 GB ROM,6000 mAh Lithium ion Battery,50MP + 2MP | 8MP Front Camera,39% off
"BOLTT EVO (Midnight Black, 64 GB)",BOLTT,4.3,"₹9,999","₹17,999",31,4 GB RAM,64 GB ROM,6000 mAh Lithium ion Battery,50MP + 2MP | 8MP Front Camera,44% off
"Mivi One 5G (Green, 128 GB)",Mivi,,"₹12,999","₹21,999",31,4 GB RAM,128 GB ROM,6000 mAh Lithium Polymer Battery,50MP Rear Camera | 8MP Front Camera,40% off
"REDMI Note 15 SE 5G Snapdragon (Carbon Black, 128 ",REDMI,4.3,"₹27,999","₹35,999",31,8 GB RAM,128 GB ROM,5800 mAh Lithium-Ion Polymer Battery,50MP Rear Camera | 20MP Front Camera,22% off
"vivo T5e (Aero Blue, 64 GB)",vivo,3.8,"₹13,999","₹26,999",31,4 GB RAM,64 GB ROM,5500 mAh Li-ion Battery,8MP Rear Camera | 5MP Front Camera,48% off
"BOLTT EVO (Midnight Black, 128 GB)",BOLTT,4,"₹11,499","₹18,999",31,6 GB RAM,128 GB ROM,6000 mAh Lithium ion Battery,50MP + 2MP | 8MP Front Camera,39% off
MOTOROLA Edge 70 Fusion Snapdragon (Pantone COUNTR,MOTOROLA,4.3,"₹34,999","₹59,999",31,12 GB RAM,256 GB ROM,7000 mAh Battery,50MP + 13MP | 32MP Front Camera,41% off
"vivo T5 Lite 44W 5G (Twilight Shadow, 128 GB)",vivo,4.2,"₹20,499","₹33,999",31,4 GB RAM,128 GB ROM,6500 mAh Li-ion Battery,50MP + 0.08MP | 5MP Front Camera,39% off
"Nothing Phone (4b) (White, 128 GB)",Nothing,,"₹31,999","₹49,999",31,6 GB RAM,128 GB ROM,6000 mAh Lithium ion Battery,50MP + 8MP | 16MP Front Camera,36% off
"Ai+ Nova 2 5G (Blue, 128 GB)",Ai+,4,"₹13,999","₹14,999",31,6 GB RAM,128 GB ROM,6000 mAh Battery,50MP Rear Camera | 8MP Front Camera,6% off
"realme P4 Lite 5G (Mosaic Blue, 64 GB)",realme,4.2,"₹16,999","₹28,999",31,4 GB RAM,64 GB ROM,7000 mAh lithium-ion polymer Battery,13MP Rear Camera | 5MP Front Camera,41% off
"BOLTT EVO (Midnight Black, 64 GB)",BOLTT,4.3,"₹9,999","₹17,999",32,4 GB RAM,64 GB ROM,6000 mAh Lithium ion Battery,50MP + 2MP | 8MP Front Camera,44% off
"Mivi One 5G (Green, 128 GB)",Mivi,,"₹12,999","₹21,999",32,4 GB RAM,128 GB ROM,6000 mAh Lithium Polymer Battery,50MP Rear Camera | 8MP Front Camera,40% off
"Samsung Galaxy S26 Ultra 5G (Cobalt Violet, 1024 G",Samsung,5,"₹1,74,999","₹1,89,999",32,16 GB RAM,1024 GB ROM,5000 mAh Li-ion Battery,200MP + 50MP | 12MP Front Camera,7% off
"Samsung Galaxy S24 5G Snapdragon (Onyx Black, 256 ",Samsung,4.6,"₹55,999","₹79,999",32,8 GB RAM,256 GB ROM,4000 mAh Battery,50MP + 12MP | 12MP Front Camera,30% off
"realme GT 8 Pro (Diary White, 256 GB)",realme,4.3,"₹72,999","₹79,999",32,12 GB RAM,256 GB ROM,7000 mAh Battery,50MP + 50MP + 200MP | 32MP Front Camera,8% off
"POCO C85x 5G (Sunset Gold, 64 GB)",POCO,4.1,"₹13,999","₹20,999",32,4 GB RAM,64 GB ROM,6300 mAh Lithium-Ion Polymer Battery,32MP Rear Camera,33% off
"vivo T5 Lite 44W 5G (Twilight Shadow, 128 GB)",vivo,4.2,"₹20,499","₹33,999",32,4 GB RAM,128 GB ROM,6500 mAh Li-ion Battery,50MP + 0.08MP | 5MP Front Camera,39% off
"Nothing Phone (4b) (White, 128 GB)",Nothing,,"₹31,999","₹49,999",32,6 GB RAM,128 GB ROM,6000 mAh Lithium ion Battery,50MP + 8MP | 16MP Front Camera,36% off
"POCO X8 Pro (Black, 256 GB)",POCO,4.4,"₹39,999","₹52,999",32,12 GB RAM,256 GB ROM,6500 mAh Lithium-Ion Polymer With Silicon Carbon Technology Battery,50MP + 8MP | 20MP Front Camera,24% off
"Samsung Galaxy S26 Ultra 5G (Black, 512 GB)",Samsung,4.6,"₹1,59,999",,32,12 GB RAM,512 GB ROM,5000 mAh Li-ion Battery,200MP + 50MP | 12MP Front Camera,
"BOLTT EVO (Midnight Black, 64 GB)",BOLTT,4.3,"₹9,999","₹17,999",33,4 GB RAM,64 GB ROM,6000 mAh Lithium ion Battery,50MP + 2MP | 8MP Front Camera,44% off
"Mivi One 5G (Green, 128 GB)",Mivi,,"₹12,999","₹21,999",33,4 GB RAM,128 GB ROM,6000 mAh Lithium Polymer Battery,50MP Rear Camera | 8MP Front Camera,40% off
"realme Gt 7 (Icesense Blue, 256 GB)",realme,4.5,"₹48,999",,33,12 GB RAM,256 GB ROM,7000 mAh Battery,50MP + 50MP + 50MP + 8MP | 32MP + 32MP Dual Front Camera,
"Apple iPhone 18 Pro max (Black, 512 GB)",Apple,4.8,"₹2,04,900",,33,,512 GB ROM,,48MP + 48MP + 48MP | 18MP Front Camera,
"Samsung Galaxy A06 5G (Light Green, 64 GB)",Samsung,4.1,"₹15,430","₹20,999",33,4 GB RAM,64 GB ROM,5000 mAh Li-ion Battery,50MP + 2MP | 8MP Front Camera,26% off
"POCO M8 (Carbon Black, 256 GB)",POCO,4.3,"₹28,999","₹29,999",33,8 GB RAM,256 GB ROM,5520 mAh Battery,50MP Rear Camera | 20MP Front Camera,3% off
"vivo T5 Lite 44W 5G (Twilight Shadow, 128 GB)",vivo,4.2,"₹20,499","₹33,999",33,4 GB RAM,128 GB ROM,6500 mAh Li-ion Battery,50MP + 0.08MP | 5MP Front Camera,39% off
"Nothing Phone (4b) (White, 128 GB)",Nothing,,"₹31,999","₹49,999",33,6 GB RAM,128 GB ROM,6000 mAh Lithium ion Battery,50MP + 8MP | 16MP Front Camera,36% off
"Samsung Galaxy A35 5G (Awesome Navy, 128 GB)",Samsung,4.4,"₹18,999","₹33,999",33,8 GB RAM,128 GB ROM,5000 mAh Battery,50MP + 8MP + 5MP | 13MP Front Camera,44% off
"IQOO 15R 5G (Triumph Silver, 256 GB)",IQOO,4.6,"₹56,945","₹69,999",33,8 GB RAM,256 GB ROM,7600 mAh Battery,50MP Rear Camera,18% off
"BOLTT EVO (Midnight Black, 64 GB)",BOLTT,4.3,"₹9,999","₹17,999",34,4 GB RAM,64 GB ROM,6000 mAh Lithium ion Battery,50MP + 2MP | 8MP Front Camera,44% off
"Mivi One 5G (Green, 128 GB)",Mivi,,"₹12,999","₹21,999",34,4 GB RAM,128 GB ROM,6000 mAh Lithium Polymer Battery,50MP Rear Camera | 8MP Front Camera,40% off
"Apple iPhone 17 Pro (Cosmic Orange, 256 GB)",Apple,4.7,"₹1,34,900",,34,,256 GB ROM,,48MP + 48MP + 48MP | 18MP Front Camera,
"realme 16 Pro+ 5G (Camellia Pink, 256 GB)",realme,4.5,"₹55,999",,34,8 GB RAM,256 GB ROM,7000 mAh Battery,200MP + 50MP + 8MP | 50MP Front Camera,
"POCO X8 Pro (White, 256 GB)",POCO,4.4,"₹39,999","₹52,999",34,12 GB RAM,256 GB ROM,6500 mAh Lithium-Ion Polymer With Silicon Carbon Technology Battery,50MP + 8MP | 20MP Front Camera,24% off
"OPPO Reno14 5G (Pearl White, 256 GB)",OPPO,4.5,"₹44,999",,34,8 GB RAM,256 GB ROM,6000 mAh Battery,50MP + 8MP + 50MP | 50MP Front Camera,
"vivo T5 Lite 44W 5G (Wave Blue, 128 GB)",vivo,4.2,"₹20,499","₹33,999",34,4 GB RAM,128 GB ROM,6500 mAh Li-ion Battery,50MP + 0.08MP | 5MP Front Camera,39% off
"MOTOROLA g37 power (PANTONE Nautical Blue, 128 GB)",MOTOROLA,4.2,"₹20,249","₹30,499",34,4 GB RAM,128 GB ROM,7000 mAh Battery,50MP Rear Camera | 8MP Front Camera,33% off
"REDMI 15 5G (Sandy Purple, 256 GB)",REDMI,4.3,"₹27,499",,34,8 GB RAM,256 GB ROM,7000 mAh Battery,50MP Rear Camera,
"Tecno Spark Go 3 (Titanium Grey, 64 GB)",Tecno,4.1,"₹10,999","₹15,999",34,4 GB RAM,64 GB ROM,5000 mAh Lithium Polymer Battery,13MP Rear Camera | 8MP Front Camera,31% off
"BOLTT EVO (Midnight Black, 64 GB)",BOLTT,4.3,"₹9,999","₹17,999",35,4 GB RAM,64 GB ROM,6000 mAh Lithium ion Battery,50MP + 2MP | 8MP Front Camera,44% off
"Mivi One 5G (Green, 128 GB)",Mivi,,"₹12,999","₹21,999",35,4 GB RAM,128 GB ROM,6000 mAh Lithium Polymer Battery,50MP Rear Camera | 8MP Front Camera,40% off
"BOLTT EVO (Arctic White, 128 GB)",BOLTT,4,"₹11,499","₹18,999",35,6 GB RAM,128 GB ROM,6000 mAh Lithium ion Battery,50MP + 2MP | 8MP Front Camera,39% off
"BOLTT EVO (Berry Red, 128 GB)",BOLTT,4,"₹11,499","₹18,999",35,6 GB RAM,128 GB ROM,6000 mAh Lithium ion Battery,50MP + 2MP | 8MP Front Camera,39% off
"vivo T5 Pro 5G (Cosmic Black, 256 GB)",vivo,4.5,"₹46,999","₹61,999",35,8 GB RAM,256 GB ROM,9020 mAh Battery,50MP + 2MP | 32MP Front Camera,24% off
"REDMI Turbo 5 5G (Nitro Blue, 256 GB)",REDMI,4.8,"₹49,595","₹57,999",35,12 GB RAM,256 GB ROM,7540 mAh Battery,50MP Rear Camera,14% off
"vivo T5 Lite 44W 5G (Wave Blue, 128 GB)",vivo,4.2,"₹20,499","₹33,999",35,4 GB RAM,128 GB ROM,6500 mAh Li-ion Battery,50MP + 0.08MP | 5MP Front Camera,39% off
"MOTOROLA g37 power (PANTONE Nautical Blue, 128 GB)",MOTOROLA,4.2,"₹20,249","₹30,499",35,4 GB RAM,128 GB ROM,7000 mAh Battery,50MP Rear Camera | 8MP Front Camera,33% off
"MOTOROLA g37 power (PANTONE Capri, 128 GB)",MOTOROLA,4.2,"₹20,249","₹30,499",35,4 GB RAM,128 GB ROM,7000 mAh Battery,50MP Rear Camera | 8MP Front Camera,33% off
"Apple iPhone 17 (Sage, 256 GB)",Apple,4.6,"₹84,999","₹99,900",35,,256 GB ROM,,48MP + 48MP | 18MP Front Camera,14% off
"BOLTT EVO (Midnight Black, 64 GB)",BOLTT,4.3,"₹9,999","₹17,999",36,4 GB RAM,64 GB ROM,6000 mAh Lithium ion Battery,50MP + 2MP | 8MP Front Camera,44% off
"Mivi One 5G (Green, 128 GB)",Mivi,,"₹12,999","₹21,999",36,4 GB RAM,128 GB ROM,6000 mAh Lithium Polymer Battery,50MP Rear Camera | 8MP Front Camera,40% off
"POCO M8 (Glacial Blue, 256 GB)",POCO,4.3,"₹28,999","₹29,999",36,8 GB RAM,256 GB ROM,5520 mAh Battery,50MP Rear Camera | 20MP Front Camera,3% off
"POCO M8 Power 5G (Blaze Orange, 128 GB)",POCO,4.7,"₹22,999","₹54,999",36,6 GB RAM,128 GB ROM,8000 mAh Lithium-Ion Polymer Battery,50MP Rear Camera | 8MP Front Camera,58% off
"MOTOROLA g max (PANTONE Alaskan Blue, 128 GB)",MOTOROLA,4.4,"₹26,999","₹44,999",36,6 GB RAM,128 GB ROM,7000 mAh Battery,50MP + 8MP | 32MP Front Camera,40% off
"BOLTT EVO (Arctic White, 64 GB)",BOLTT,4.3,"₹9,999","₹17,999",36,4 GB RAM,64 GB ROM,6000 mAh Lithium ion Battery,50MP + 2MP | 8MP Front Camera,44% off
"vivo T5 Lite 44W 5G (Wave Blue, 128 GB)",vivo,4.2,"₹20,499","₹33,999",36,4 GB RAM,128 GB ROM,6500 mAh Li-ion Battery,50MP + 0.08MP | 5MP Front Camera,39% off
"MOTOROLA g37 power (PANTONE Nautical Blue, 128 GB)",MOTOROLA,4.2,"₹20,249","₹30,499",36,4 GB RAM,128 GB ROM,7000 mAh Battery,50MP Rear Camera | 8MP Front Camera,33% off
"realme P4x 5G (Matte Silver, 128 GB)",realme,4.3,"₹27,999","₹43,999",36,8 GB RAM,128 GB ROM,7000 mAh Battery,50MP + 2MP | 8MP Front Camera,36% off
"Infinix NOTE 60 Pro (Mist Titanium, 256 GB)",Infinix,4.4,"₹39,999","₹54,999",36,8 GB RAM,256 GB ROM,6500 mAh Battery,50MP + 8MP | 13MP Front Camera,27% off
"BOLTT EVO (Midnight Black, 64 GB)",BOLTT,4.3,"₹9,999","₹17,999",37,4 GB RAM,64 GB ROM,6000 mAh Lithium ion Battery,50MP + 2MP | 8MP Front Camera,44% off
"Mivi One 5G (Green, 128 GB)",Mivi,,"₹12,999","₹21,999",37,4 GB RAM,128 GB ROM,6000 mAh Lithium Polymer Battery,50MP Rear Camera | 8MP Front Camera,40% off
"BOLTT EVO (Arctic White, 64 GB)",BOLTT,4.3,"₹9,999","₹17,999",37,4 GB RAM,64 GB ROM,6000 mAh Lithium ion Battery,50MP + 2MP | 8MP Front Camera,44% off
"realme P4x 5G (Matte Silver, 128 GB)",realme,4.3,"₹27,999","₹43,999",37,8 GB RAM,128 GB ROM,7000 mAh Battery,50MP + 2MP | 8MP Front Camera,36% off
"Infinix NOTE 60 Pro (Mist Titanium, 256 GB)",Infinix,4.4,"₹39,999","₹54,999",37,8 GB RAM,256 GB ROM,6500 mAh Battery,50MP + 8MP | 13MP Front Camera,27% off
"vivo T5 Pro 5G (Cosmic Black, 128 GB)",vivo,4.5,"₹41,999","₹55,999",37,8 GB RAM,128 GB ROM,9020 mAh Battery,50MP + 2MP | 32MP Front Camera,25% off
"vivo T5 Lite 44W 5G (Twilight Shadow, 128 GB)",vivo,4.2,"₹20,499","₹33,999",37,4 GB RAM,128 GB ROM,6500 mAh Li-ion Battery,50MP + 0.08MP | 5MP Front Camera,39% off
"Nothing Phone (4b) (White, 128 GB)",Nothing,,"₹31,999","₹49,999",37,6 GB RAM,128 GB ROM,6000 mAh Lithium ion Battery,50MP + 8MP | 16MP Front Camera,36% off
"vivo T5 Pro 5G (Glacier Blue, 128 GB)",vivo,4.5,"₹41,999","₹55,999",37,8 GB RAM,128 GB ROM,9020 mAh Battery,50MP + 2MP | 32MP Front Camera,25% off
"realme C71 (Obsidian Black, 64 GB)",realme,4.2,"₹13,499","₹13,999",37,4 GB RAM,64 GB ROM,6300 mAh Battery,13MP Rear Camera | 5MP Front Camera,3% off
"REDMI 15A (Ace Black, 128 GB)",REDMI,3.8,"₹18,499","₹28,999",38,4 GB RAM,128 GB ROM,6300 mAh Lithium-Ion Polymer Battery,32MP Rear Camera | 8MP Front Camera,36% off
"OPPO Reno15 Pro Mini 5G (Crystal Pink, 256 GB)",OPPO,4.6,"₹59,999","₹64,999",38,12 GB RAM,256 GB ROM,6200 mAh Battery,200MP + 50MP + 50MP | Yes,7% off
"realme P4x 5G (Matte Silver, 128 GB)",realme,4.3,"₹25,999","₹38,999",38,6 GB RAM,128 GB ROM,7000 mAh Battery,50MP + 2MP | 8MP Front Camera,33% off
"Ai+ Nova 2 Pro 5G (Black, 128 GB)",Ai+,4,"₹18,999","₹23,999",38,8 GB RAM,128 GB ROM,6000 mAh Li-polymer Battery,48MP Rear Camera | 13MP Front Camera,20% off
"Samsung Galaxy A17 5G (Gray, 256 GB)",Samsung,4.3,"₹32,445","₹41,999",38,8 GB RAM,256 GB ROM,5000 mAh Battery,50MP + 5MP + 2MP | 13MP Front Camera,22% off
"realme GT 8 Pro (Diary White, 512 GB)",realme,4.6,"₹78,999","₹86,999",38,16 GB RAM,512 GB ROM,7000 mAh Battery,50MP + 50MP + 200MP | 32MP Front Camera,9% off
"Samsung Galaxy A17 5G (Black, 128 GB)",Samsung,4.3,"₹22,499",,38,8 GB RAM,128 GB ROM,5000 mAh Battery,50MP + 5MP + 2MP | 13MP Front Camera,
"REDMI Note 15 5G (Glacier Blue, 256 GB)",REDMI,4.4,"₹30,888","₹38,999",38,8 GB RAM,256 GB ROM,5520 mAh Battery,108MP Rear Camera,20% off
"POCO M8x 5G (Black, 128 GB)",POCO,3.9,"₹18,999","₹44,999",38,4 GB RAM,128 GB ROM,7900 mAh Lithium-Ion Polymer Battery,50MP Rear Camera,57% off
"Ai+ Nova 2 Ultra 5G (Purple, 128 GB)",Ai+,4.2,"₹20,999","₹29,999",38,6 GB RAM,128 GB ROM,6000 mAh Li-polymer Battery,50MP + 8MP | 13MP Front Camera,30% off
"Mivi One 5G (Green, 128 GB)",Mivi,,"₹12,999","₹21,999",39,4 GB RAM,128 GB ROM,6000 mAh Lithium Polymer Battery,50MP Rear Camera | 8MP Front Camera,40% off
"BOLTT EVO (Midnight Black, 64 GB)",BOLTT,4.3,"₹9,999","₹17,999",39,4 GB RAM,64 GB ROM,6000 mAh Lithium ion Battery,50MP + 2MP | 8MP Front Camera,44% off
"Nothing Phone (4a) Pro (Silver, 256 GB)",Nothing,4.5,"₹57,999","₹72,999",39,8 GB RAM,256 GB ROM,5400 mAh Lithium ion Battery,50MP + 50MP + 8MP | 32MP Front Camera,20% off
"Samsung Galaxy S26 Ultra 5G (Black, 512 GB)",Samsung,4.6,"₹1,59,999",,39,12 GB RAM,512 GB ROM,5000 mAh Li-ion Battery,200MP + 50MP | 12MP Front Camera,
"Infinix NOTE 60 Pro (Deep Ocean Blue, 128 GB)",Infinix,4.4,"₹35,999","₹39,999",39,8 GB RAM,128 GB ROM,6500 mAh Battery,50MP + 8MP | 13MP Front Camera,10% off
"Infinix NOTE 60 Pro (Solar Orange, 128 GB)",Infinix,4.4,"₹35,999","₹39,999",39,8 GB RAM,128 GB ROM,6500 mAh Battery,50MP + 8MP | 13MP Front Camera,10% off
"MOTOROLA g37 power (PANTONE Nautical Blue, 128 GB)",MOTOROLA,4.2,"₹20,249","₹30,499",39,4 GB RAM,128 GB ROM,7000 mAh Battery,50MP Rear Camera | 8MP Front Camera,33% off
"vivo T5 Lite 44W 5G (Wave Blue, 128 GB)",vivo,4.2,"₹20,499","₹33,999",39,4 GB RAM,128 GB ROM,6500 mAh Li-ion Battery,50MP + 0.08MP | 5MP Front Camera,39% off
"realme 15 5G (Silk Pink, 256 GB)",realme,4.4,"₹31,999",,39,8 GB RAM,256 GB ROM,7000 mAh Battery,50MP + 8MP | 50MP Front Camera,
"OPPO Reno14 5G (Forest Green, 256 GB)",OPPO,4.5,"₹44,999",,39,8 GB RAM,256 GB ROM,6000 mAh Battery,50MP + 8MP + 50MP | 50MP Front Camera,
"BOLTT EVO (Midnight Black, 64 GB)",BOLTT,4.3,"₹9,999","₹17,999",40,4 GB RAM,64 GB ROM,6000 mAh Lithium ion Battery,50MP + 2MP | 8MP Front Camera,44% off
"Mivi One 5G (Green, 128 GB)",Mivi,,"₹12,999","₹21,999",40,4 GB RAM,128 GB ROM,6000 mAh Lithium Polymer Battery,50MP Rear Camera | 8MP Front Camera,40% off
"realme 15 5G (Silk Pink, 256 GB)",realme,4.4,"₹31,999",,40,8 GB RAM,256 GB ROM,7000 mAh Battery,50MP + 8MP | 50MP Front Camera,
"OPPO Reno14 5G (Forest Green, 256 GB)",OPPO,4.5,"₹44,999",,40,8 GB RAM,256 GB ROM,6000 mAh Battery,50MP + 8MP + 50MP | 50MP Front Camera,
realme P4 Power 5G Charger in the Box (TransOrange,realme,4.4,"₹33,999","₹55,999",40,8 GB RAM,256 GB ROM,10001 mAh Battery,50MP + 8MP | Yes,39% off
"Apple iPhone 17 Pro (Cosmic Orange, 256 GB)",Apple,4.7,"₹1,34,900",,40,,256 GB ROM,,48MP + 48MP + 48MP | 18MP Front Camera,
"vivo T5 Lite 44W 5G (Twilight Shadow, 128 GB)",vivo,4.2,"₹20,499","₹33,999",40,4 GB RAM,128 GB ROM,6500 mAh Li-ion Battery,50MP + 0.08MP | 5MP Front Camera,39% off
"Nothing Phone (4b) (White, 128 GB)",Nothing,,"₹31,999","₹49,999",40,6 GB RAM,128 GB ROM,6000 mAh Lithium ion Battery,50MP + 8MP | 16MP Front Camera,36% off
"Samsung Galaxy A56 5G (Awesome Olive, 256 GB)",Samsung,4.4,"₹46,990","₹52,999",40,12 GB RAM,256 GB ROM,5000 mAh Battery,50MP + 12MP + 5MP | 12MP Front Camera,11% off
"Ai+ Pulse 2 (Green, 64 GB)",Ai+,4.1,"₹8,999","₹10,999",40,4 GB RAM,64 GB ROM,6000 mAh Battery,50MP Rear Camera | 8MP Front Camera,18% off
"BOLTT EVO (Midnight Black, 64 GB)",BOLTT,4.3,"₹9,999","₹17,999",41,4 GB RAM,64 GB ROM,6000 mAh Lithium ion Battery,50MP + 2MP | 8MP Front Camera,44% off
"Mivi One 5G (Green, 128 GB)",Mivi,,"₹12,999","₹21,999",41,4 GB RAM,128 GB ROM,6000 mAh Lithium Polymer Battery,50MP Rear Camera | 8MP Front Camera,40% off
"Ai+ Nova 2 Neo 5G (Green, 128 GB)",Ai+,4.3,"₹12,999","₹18,999",41,4 GB RAM,128 GB ROM,6000 mAh Li-polymer Battery,48MP Rear Camera | 8MP Front Camera,31% off
MOTOROLA Edge 70 Fusion Snapdragon (Pantone SILHOU,MOTOROLA,4.3,"₹34,999","₹59,999",41,12 GB RAM,256 GB ROM,7000 mAh Battery,50MP + 13MP | 32MP Front Camera,41% off
"POCO M8x 5G (Blue, 128 GB)",POCO,3.9,"₹18,999","₹44,999",41,4 GB RAM,128 GB ROM,7900 mAh Lithium-Ion Polymer Battery,50MP Rear Camera,57% off
"realme P4 Pro 5G (Birch Wood, 256 GB)",realme,4.4,"₹32,999",,41,12 GB RAM,256 GB ROM,7000 mAh Battery,50MP + 8MP | 50MP Front Camera,
"vivo T5 Lite 44W 5G (Wave Blue, 128 GB)",vivo,4.2,"₹20,499","₹33,999",41,4 GB RAM,128 GB ROM,6500 mAh Li-ion Battery,50MP + 0.08MP | 5MP Front Camera,39% off
"MOTOROLA g37 power (PANTONE Nautical Blue, 128 GB)",MOTOROLA,4.2,"₹20,249","₹30,499",41,4 GB RAM,128 GB ROM,7000 mAh Battery,50MP Rear Camera | 8MP Front Camera,33% off
"Samsung Galaxy Z Fold8 5G (Lavender, 256 GB)",Samsung,4.7,"₹1,74,999","₹1,84,999",41,12 GB RAM,256 GB ROM,4800 mAh Li-ion Battery,50MP + 50MP | 10MP Front Camera,5% off
"POCO X8 5G (Black, 256 GB)",POCO,4.2,"₹32,999","₹74,999",41,8 GB RAM,256 GB ROM,9000 mAh Lithium-Ion Polymer Battery,50MP + 2MP | 16MP Front Camera,56% off
"BOLTT EVO (Midnight Black, 64 GB)",BOLTT,4.3,"₹9,999","₹17,999",42,4 GB RAM,64 GB ROM,6000 mAh Lithium ion Battery,50MP + 2MP | 8MP Front Camera,44% off
"Mivi One 5G (Green, 128 GB)",Mivi,,"₹12,999","₹21,999",42,4 GB RAM,128 GB ROM,6000 mAh Lithium Polymer Battery,50MP Rear Camera | 8MP Front Camera,40% off
"Samsung Galaxy A06 5G (Light Green, 128 GB)",Samsung,4.1,"₹16,998","₹17,999",42,4 GB RAM,128 GB ROM,5000 mAh Li-ion Battery,50MP + 2MP | 8MP Front Camera,5% off
"REDMI Note 14 Pro+ 5G (Spectre Blue, 256 GB)",REDMI,4.4,"₹29,588","₹36,999",42,8 GB RAM,256 GB ROM,6200 mAh Battery,50MP + 50MP + 8MP | 20MP Front Camera,20% off
"REDMI 15A (Amaze Purple, 128 GB)",REDMI,3.8,"₹18,499","₹28,999",42,4 GB RAM,128 GB ROM,6300 mAh Lithium-Ion Polymer Battery,32MP Rear Camera | 8MP Front Camera,36% off
"realme P3 Ultra 5G (Neptune Blue, 256 GB)",realme,4.4,"₹31,999","₹35,999",42,12 GB RAM,256 GB ROM,6000 mAh Battery,50MP + 8MP | 16MP Front Camera,11% off
"vivo T5 Lite 44W 5G (Twilight Shadow, 128 GB)",vivo,4.2,"₹20,499","₹33,999",42,4 GB RAM,128 GB ROM,6500 mAh Li-ion Battery,50MP + 0.08MP | 5MP Front Camera,39% off
"Nothing Phone (4b) (White, 128 GB)",Nothing,,"₹31,999","₹49,999",42,6 GB RAM,128 GB ROM,6000 mAh Lithium ion Battery,50MP + 8MP | 16MP Front Camera,36% off
"Ai+ Nova 2 Ultra 5G (Black, 128 GB)",Ai+,4.1,"₹21,999","₹31,999",42,8 GB RAM,128 GB ROM,6000 mAh Li-polymer Battery,50MP + 8MP | 13MP Front Camera,31% off
"Samsung Galaxy Z Fold8 Ultra 5G (Graphite, 512 GB)",Samsung,4.8,"₹2,14,999","₹2,24,999",42,12 GB RAM,512 GB ROM,5000 mAh Li-ion Battery,200MP + 50MP + 10MP | 10MP Front Camera,4% off
"BOLTT EVO (Midnight Black, 64 GB)",BOLTT,4.3,"₹9,999","₹17,999",43,4 GB RAM,64 GB ROM,6000 mAh Lithium ion Battery,50MP + 2MP | 8MP Front Camera,44% off
"Mivi One 5G (Green, 128 GB)",Mivi,,"₹12,999","₹21,999",43,4 GB RAM,128 GB ROM,6000 mAh Lithium Polymer Battery,50MP Rear Camera | 8MP Front Camera,40% off
"Samsung Galaxy F36 5G (Black, 128 GB)",Samsung,4.3,"₹22,999","₹25,499",43,6 GB RAM,128 GB ROM,5000 mAh Battery,50MP + 8MP + 2MP | 13MP Front Camera,9% off
"POCO X8 5G (Frost White, 256 GB)",POCO,4.2,"₹32,999","₹74,999",43,8 GB RAM,256 GB ROM,9000 mAh Lithium-Ion Polymer Battery,50MP + 2MP | 16MP Front Camera,56% off
"Apple iPhone 15 (Black, 128 GB)",Apple,4.6,"₹67,999","₹74,900",43,,128 GB ROM,,48MP + 12MP | 12MP Front Camera,9% off
"HMD Vibe2Pro 5G with Sarvam AI (Silver Mist, 128 G",HMD,,"₹17,999","₹34,999",43,8 GB RAM,128 GB ROM,6000 mAh Li-Poly Battery,64MP Rear Camera | 13MP Front Camera,48% off
"vivo T5 Lite 44W 5G (Twilight Shadow, 128 GB)",vivo,4.2,"₹20,499","₹33,999",43,4 GB RAM,128 GB ROM,6500 mAh Li-ion Battery,50MP + 0.08MP | 5MP Front Camera,39% off
"Nothing Phone (4b) (White, 128 GB)",Nothing,,"₹31,999","₹49,999",43,6 GB RAM,128 GB ROM,6000 mAh Lithium ion Battery,50MP + 8MP | 16MP Front Camera,36% off
"OPPO F33 5G (Pearl White, 256 GB)",OPPO,4.3,"₹39,999","₹55,999",43,8 GB RAM,256 GB ROM,7000 mAh lithium-ion polymer Battery,50MP + 2MP | 16MP Front Camera,28% off
"OPPO F33 5G (Forest Green, 256 GB)",OPPO,4.3,"₹39,999","₹55,999",43,8 GB RAM,256 GB ROM,7000 mAh lithium-ion polymer Battery,50MP + 2MP | 16MP Front Camera,28% off
"Mivi One 5G (Green, 128 GB)",Mivi,,"₹12,999","₹21,999",44,4 GB RAM,128 GB ROM,6000 mAh Lithium Polymer Battery,50MP Rear Camera | 8MP Front Camera,40% off
"BOLTT EVO (Midnight Black, 64 GB)",BOLTT,4.3,"₹9,999","₹17,999",44,4 GB RAM,64 GB ROM,6000 mAh Lithium ion Battery,50MP + 2MP | 8MP Front Camera,44% off
"OnePlus Nord CE5 5G (Black Infinity, 128 GB)",OnePlus,4.5,"₹34,988","₹34,999",44,8 GB RAM,128 GB ROM,7100 mAh Battery,50MP Rear Camera,
"Infinix HOT 60i 5G (Plum Red, 128 GB)",Infinix,4.3,"₹16,999","₹24,999",44,4 GB RAM,128 GB ROM,6000 mAh Battery,50MP Rear Camera | 5MP Front Camera,32% off
"Tecno Pova Curve 2 5G (Melting Silver, 128 GB)",Tecno,4.2,"₹31,999",,44,8 GB RAM,128 GB ROM,8000 mAh Lithium Polymer Battery,50MP + 2MP | 13MP Front Camera,
"Tecno Pova Curve 2 5G (Storm Titanium, 128 GB)",Tecno,4.2,"₹31,999",,44,8 GB RAM,128 GB ROM,8000 mAh Lithium Polymer Battery,50MP + 2MP | 13MP Front Camera,
"MOTOROLA g37 power (PANTONE Nautical Blue, 128 GB)",MOTOROLA,4.2,"₹20,249","₹30,499",44,4 GB RAM,128 GB ROM,7000 mAh Battery,50MP Rear Camera | 8MP Front Camera,33% off
"vivo T5 Lite 44W 5G (Wave Blue, 128 GB)",vivo,4.2,"₹20,499","₹33,999",44,4 GB RAM,128 GB ROM,6500 mAh Li-ion Battery,50MP + 0.08MP | 5MP Front Camera,39% off
"Tecno Pova Curve 2 5G (Mystic Purple, 128 GB)",Tecno,4.2,"₹31,999",,44,8 GB RAM,128 GB ROM,8000 mAh Lithium Polymer Battery,50MP + 2MP | 13MP Front Camera,
"Ai+ Nova 2 Ultra 5G (Blue, 128 GB)",Ai+,4.2,"₹20,999","₹29,999",44,6 GB RAM,128 GB ROM,6000 mAh Li-polymer Battery,50MP + 8MP | 13MP Front Camera,30% off
"BOLTT EVO (Midnight Black, 64 GB)",BOLTT,4.3,"₹9,999","₹17,999",45,4 GB RAM,64 GB ROM,6000 mAh Lithium ion Battery,50MP + 2MP | 8MP Front Camera,44% off
"Mivi One 5G (Green, 128 GB)",Mivi,,"₹12,999","₹21,999",45,4 GB RAM,128 GB ROM,6000 mAh Lithium Polymer Battery,50MP Rear Camera | 8MP Front Camera,40% off
"POCO C85x 5G (Elite Black, 128 GB)",POCO,4.1,"₹14,999","₹21,999",45,4 GB RAM,128 GB ROM,6300 mAh Lithium-Ion Polymer Battery,32MP Rear Camera,31% off
"OPPO Reno15 5G (Glacier White, 256 GB)",OPPO,4.5,"₹47,999","₹49,999",45,8 GB RAM,256 GB ROM,6500 mAh Battery,50MP + 50MP + 8MP | Yes,4% off
"OnePlus Nord CE5 5G (Black Infinity, 128 GB)",OnePlus,4.5,"₹34,988","₹34,999",45,8 GB RAM,128 GB ROM,7100 mAh Battery,50MP Rear Camera,
"Infinix HOT 60i 5G (Plum Red, 128 GB)",Infinix,4.3,"₹16,999","₹24,999",45,4 GB RAM,128 GB ROM,6000 mAh Battery,50MP Rear Camera | 5MP Front Camera,32% off
"vivo T5 Lite 44W 5G (Twilight Shadow, 128 GB)",vivo,4.2,"₹20,499","₹33,999",45,4 GB RAM,128 GB ROM,6500 mAh Li-ion Battery,50MP + 0.08MP | 5MP Front Camera,39% off
"Nothing Phone (4b) (White, 128 GB)",Nothing,,"₹31,999","₹49,999",45,6 GB RAM,128 GB ROM,6000 mAh Lithium ion Battery,50MP + 8MP | 16MP Front Camera,36% off
"REDMI Note-14 Pro+ 5G (Phantom Purple, 256 GB)",REDMI,4.4,"₹36,999",,45,8 GB RAM,256 GB ROM,6200 mAh Battery,50MP + 50MP + 8MP | 20MP Front Camera,
"Samsung Galaxy Z Fold8 5G (Lavender, 512 GB)",Samsung,4.7,"₹1,94,999","₹2,04,999",45,12 GB RAM,512 GB ROM,4800 mAh Li-ion Battery,50MP + 50MP | 10MP Front Camera,4% off
"BOLTT EVO (Midnight Black, 64 GB)",BOLTT,4.3,"₹9,999","₹17,999",46,4 GB RAM,64 GB ROM,6000 mAh Lithium ion Battery,50MP + 2MP | 8MP Front Camera,44% off
"Mivi One 5G (Green, 128 GB)",Mivi,,"₹12,999","₹21,999",46,4 GB RAM,128 GB ROM,6000 mAh Lithium Polymer Battery,50MP Rear Camera | 8MP Front Camera,40% off
"realme 16 5G (Air Black, 256 GB)",realme,4.3,"₹49,999",,46,12 GB RAM,256 GB ROM,7000 mAh Battery,50MP + 2MP | 50MP Front Camera,
"Apple iPhone 18 Pro max (Silver, 256 GB)",Apple,4.8,"₹1,79,900",,46,,256 GB ROM,,48MP + 48MP + 48MP | 18MP Front Camera,
"IQOO 15R 5G (Triumph Silver, 256 GB)",IQOO,4.6,"₹59,990","₹77,999",46,12 GB RAM,256 GB ROM,7600 mAh Battery,50MP Rear Camera,23% off
"Apple iPhone 18 Pro (Burgundy, 512 GB)",Apple,4.6,"₹1,89,900",,46,,512 GB ROM,,48MP + 48MP + 48MP | 18MP Front Camera,
"vivo T5 Lite 44W 5G (Twilight Shadow, 128 GB)",vivo,4.2,"₹20,499","₹33,999",46,4 GB RAM,128 GB ROM,6500 mAh Li-ion Battery,50MP + 0.08MP | 5MP Front Camera,39% off
"Nothing Phone (4b) (White, 128 GB)",Nothing,,"₹31,999","₹49,999",46,6 GB RAM,128 GB ROM,6000 mAh Lithium ion Battery,50MP + 8MP | 16MP Front Camera,36% off
"Infinix NOTE 60 Pro (Solar Orange, 256 GB)",Infinix,4.4,"₹39,999","₹44,999",46,8 GB RAM,256 GB ROM,6500 mAh Battery,50MP + 8MP | 13MP Front Camera,11% off
"POCO X8 5G (Frost White, 128 GB)",POCO,4.6,"₹26,999","₹64,999",46,6 GB RAM,128 GB ROM,9000 mAh Lithium-Ion Polymer Battery,50MP + 2MP | 16MP Front Camera,58% off
"BOLTT EVO (Midnight Black, 64 GB)",BOLTT,4.3,"₹9,999","₹17,999",47,4 GB RAM,64 GB ROM,6000 mAh Lithium ion Battery,50MP + 2MP | 8MP Front Camera,44% off
"Mivi One 5G (Green, 128 GB)",Mivi,,"₹12,999","₹21,999",47,4 GB RAM,128 GB ROM,6000 mAh Lithium Polymer Battery,50MP Rear Camera | 8MP Front Camera,40% off
"realme 16 5G (Air Black, 256 GB)",realme,4,"₹44,999",,47,8 GB RAM,256 GB ROM,7000 mAh Battery,50MP + 2MP | 50MP Front Camera,
"MOTOROLA g37 power (PANTONE Capri, 128 GB)",MOTOROLA,4.2,"₹24,249","₹37,999",47,8 GB RAM,128 GB ROM,7000 mAh Battery,50MP Rear Camera | 8MP Front Camera,36% off
"Infinix NOTE 60 Pro (Deep Ocean Blue, 128 GB)",Infinix,4.4,"₹35,999","₹39,999",47,8 GB RAM,128 GB ROM,6500 mAh Battery,50MP + 8MP | 13MP Front Camera,10% off
"Infinix SMART 20 (Shadow Black, 128 GB)",Infinix,3.9,"₹14,999","₹21,999",47,4 GB RAM,128 GB ROM,5200 mAh Battery,8MP Rear Camera | 8MP Front Camera,31% off
"vivo T5 Lite 44W 5G (Twilight Shadow, 128 GB)",vivo,4.2,"₹20,499","₹33,999",47,4 GB RAM,128 GB ROM,6500 mAh Li-ion Battery,50MP + 0.08MP | 5MP Front Camera,39% off
"Nothing Phone (4b) (White, 128 GB)",Nothing,,"₹31,999","₹49,999",47,6 GB RAM,128 GB ROM,6000 mAh Lithium ion Battery,50MP + 8MP | 16MP Front Camera,36% off
"Apple iPhone 17 Pro (Cosmic Orange, 1 TB)",Apple,4.7,"₹1,74,900",,47,,,,48MP + 48MP + 48MP | 18MP Front Camera,
"MOTOROLA g max (PANTONE Malaga, 128 GB)",MOTOROLA,4.4,"₹26,999","₹44,999",47,6 GB RAM,128 GB ROM,7000 mAh Battery,50MP + 8MP | 32MP Front Camera,40% off
"BOLTT EVO (Midnight Black, 64 GB)",BOLTT,4.3,"₹9,999","₹17,999",48,4 GB RAM,64 GB ROM,6000 mAh Lithium ion Battery,50MP + 2MP | 8MP Front Camera,44% off
"Mivi One 5G (Green, 128 GB)",Mivi,,"₹12,999","₹21,999",48,4 GB RAM,128 GB ROM,6000 mAh Lithium Polymer Battery,50MP Rear Camera | 8MP Front Camera,40% off
"OPPO Reno15 5G (Glacier White, 512 GB)",OPPO,4.4,"₹55,999","₹59,999",48,12 GB RAM,512 GB ROM,6500 mAh Battery,50MP + 50MP + 8MP | Yes,6% off
"OPPO Reno15 5G (Twilight Blue, 512 GB)",OPPO,4.4,"₹55,999","₹59,999",48,12 GB RAM,512 GB ROM,6500 mAh Battery,50MP + 50MP + 8MP | Yes,6% off
"Samsung Galaxy A56 5G (Light Violet, 256 GB)",Samsung,4.4,"₹39,979","₹54,999",48,8 GB RAM,256 GB ROM,5000 mAh Battery,50MP + 12MP + 5MP | 12MP Front Camera,27% off
"Samsung Galaxy S24 Ultra 5G (Titanium Black, 256 G",Samsung,4.6,"₹1,04,247","₹1,34,999",48,12 GB RAM,256 GB ROM,5000 mAh Battery,200MP + 50MP + 12MP + 10MP | 12MP Front Camera,22% off
"vivo T5 Lite 44W 5G (Wave Blue, 128 GB)",vivo,4.2,"₹20,499","₹33,999",48,4 GB RAM,128 GB ROM,6500 mAh Li-ion Battery,50MP + 0.08MP | 5MP Front Camera,39% off
"MOTOROLA g37 power (PANTONE Nautical Blue, 128 GB)",MOTOROLA,4.2,"₹20,249","₹30,499",48,4 GB RAM,128 GB ROM,7000 mAh Battery,50MP Rear Camera | 8MP Front Camera,33% off
"MOTOROLA g37 power (PANTONE Impenetrable, 128 GB)",MOTOROLA,4.2,"₹24,249","₹37,999",48,8 GB RAM,128 GB ROM,7000 mAh Battery,50MP Rear Camera | 8MP Front Camera,36% off
"POCO M8x 5G (Blue, 128 GB)",POCO,3.8,"₹20,999","₹49,999",48,6 GB RAM,128 GB ROM,7900 mAh Lithium-Ion Polymer Battery,50MP Rear Camera,58% off
"BOLTT EVO (Midnight Black, 64 GB)",BOLTT,4.3,"₹9,999","₹17,999",49,4 GB RAM,64 GB ROM,6000 mAh Lithium ion Battery,50MP + 2MP | 8MP Front Camera,44% off
"Mivi One 5G (Green, 128 GB)",Mivi,,"₹12,999","₹21,999",49,4 GB RAM,128 GB ROM,6000 mAh Lithium Polymer Battery,50MP Rear Camera | 8MP Front Camera,40% off
"OPPO Reno15 5G (Twilight Blue, 512 GB)",OPPO,4.4,"₹55,999","₹59,999",49,12 GB RAM,512 GB ROM,6500 mAh Battery,50MP + 50MP + 8MP | Yes,6% off
"OPPO Reno15 5G (Glacier White, 512 GB)",OPPO,4.4,"₹55,999","₹59,999",49,12 GB RAM,512 GB ROM,6500 mAh Battery,50MP + 50MP + 8MP | Yes,6% off
"Samsung Galaxy A56 5G (Light Violet, 256 GB)",Samsung,4.4,"₹39,979","₹54,999",49,8 GB RAM,256 GB ROM,5000 mAh Battery,50MP + 12MP + 5MP | 12MP Front Camera,27% off
"MOTOROLA g37 power (PANTONE Impenetrable, 128 GB)",MOTOROLA,4.2,"₹24,249","₹37,999",49,8 GB RAM,128 GB ROM,7000 mAh Battery,50MP Rear Camera | 8MP Front Camera,36% off
"vivo T5 Lite 44W 5G (Twilight Shadow, 128 GB)",vivo,4.2,"₹20,499","₹33,999",49,4 GB RAM,128 GB ROM,6500 mAh Li-ion Battery,50MP + 0.08MP | 5MP Front Camera,39% off
"Nothing Phone (4b) (White, 128 GB)",Nothing,,"₹31,999","₹49,999",49,6 GB RAM,128 GB ROM,6000 mAh Lithium ion Battery,50MP + 8MP | 16MP Front Camera,36% off
"POCO M8x 5G (Blue, 128 GB)",POCO,3.8,"₹20,999","₹49,999",49,6 GB RAM,128 GB ROM,7900 mAh Lithium-Ion Polymer Battery,50MP Rear Camera,58% off
"IQOO Z11 5G (Aurora Green, 256 GB)",IQOO,4.8,"₹44,648","₹61,999",49,8 GB RAM,256 GB ROM,7050 mAh Battery,50MP Rear Camera,27% off
"Mivi One 5G (Green, 128 GB)",Mivi,,"₹12,999","₹21,999",50,4 GB RAM,128 GB ROM,6000 mAh Lithium Polymer Battery,50MP Rear Camera | 8MP Front Camera,40% off
"BOLTT EVO (Midnight Black, 64 GB)",BOLTT,4.3,"₹9,999","₹17,999",50,4 GB RAM,64 GB ROM,6000 mAh Lithium ion Battery,50MP + 2MP | 8MP Front Camera,44% off
"Tecno Spark 50 5G (Fantasy Purple, 128 GB)",Tecno,3.9,"₹21,499","₹31,999",50,6 GB RAM,128 GB ROM,6500 mAh Lithium Polymer Battery,50MP Rear Camera | 8MP Front Camera,32% off
"Samsung Galaxy A36 5G (Dark Green, 256 GB)",Samsung,4.4,"₹28,999","₹43,999",50,8 GB RAM,256 GB ROM,5000 mAh Battery,50MP + 8MP | 12MP Front Camera,34% off
"vivo V70 FE (Northern Lights Purple 2026, 128 GB)",vivo,4.4,"₹44,999","₹53,999",50,8 GB RAM,128 GB ROM,7000 mAh Li-ion battery Battery,200MP + 8MP | 50MP Front Camera,16% off
"Samsung Galaxy F70e 5G (Spotlight Blue, 128 GB)",Samsung,4.2,"₹19,999","₹24,999",50,6 GB RAM,128 GB ROM,6000 mAh Li-ion Battery,50MP + 2MP | 8MP Front Camera,20% off
"MOTOROLA g37 power (PANTONE Nautical Blue, 128 GB)",MOTOROLA,4.2,"₹20,249","₹30,499",50,4 GB RAM,128 GB ROM,7000 mAh Battery,50MP Rear Camera | 8MP Front Camera,33% off
"vivo T5 Lite 44W 5G (Wave Blue, 128 GB)",vivo,4.2,"₹20,499","₹33,999",50,4 GB RAM,128 GB ROM,6500 mAh Li-ion Battery,50MP + 0.08MP | 5MP Front Camera,39% off
"Tecno Pova Curve 2 5G (Melting Silver, 256 GB)",Tecno,4.2,"₹33,999","₹34,999",50,8 GB RAM,256 GB ROM,8000 mAh Lithium Polymer Battery,50MP + 2MP | 13MP Front Camera,2% off
"Tecno Pova Curve 2 5G (Mystic Purple, 256 GB)",Tecno,4.2,"₹33,999","₹34,999",50,8 GB RAM,256 GB ROM,8000 mAh Lithium Polymer Battery,50MP + 2MP | 13MP Front Camera,2% off
"BOLTT EVO (Midnight Black, 64 GB)",BOLTT,4.3,"₹9,999","₹17,999",51,4 GB RAM,64 GB ROM,6000 mAh Lithium ion Battery,50MP + 2MP | 8MP Front Camera,44% off
"Mivi One 5G (Green, 128 GB)",Mivi,,"₹12,999","₹21,999",51,4 GB RAM,128 GB ROM,6000 mAh Lithium Polymer Battery,50MP Rear Camera | 8MP Front Camera,40% off
"OPPO K14 Plus 5G (Star White, 128 GB)",OPPO,4.7,"₹29,999","₹61,999",51,6 GB RAM,128 GB ROM,8000 mAh Battery,50MP + 2MP | 16MP Front Camera,51% off
"OPPO K14 Plus 5G (Solar Orange, 128 GB)",OPPO,4.7,"₹29,999","₹61,999",51,6 GB RAM,128 GB ROM,8000 mAh Battery,50MP + 2MP | 16MP Front Camera,51% off
"Samsung Galaxy S25 5G Snapdragon (Mint, 256 GB)",Samsung,4.6,"₹61,999","₹1,14,999",51,12 GB RAM,256 GB ROM,4000 mAh Battery,50MP + 10MP + 12MP | 12MP Front Camera,46% off
"realme 16 5G (Air White, 256 GB)",realme,4.3,"₹49,999",,51,12 GB RAM,256 GB ROM,7000 mAh Battery,50MP + 2MP | 50MP Front Camera,
"vivo T5 Lite 44W 5G (Twilight Shadow, 128 GB)",vivo,4.2,"₹20,499","₹33,999",51,4 GB RAM,128 GB ROM,6500 mAh Li-ion Battery,50MP + 0.08MP | 5MP Front Camera,39% off
"Nothing Phone (4b) (White, 128 GB)",Nothing,,"₹31,999","₹49,999",51,6 GB RAM,128 GB ROM,6000 mAh Lithium ion Battery,50MP + 8MP | 16MP Front Camera,36% off
"Samsung Galaxy F70 Pro 5G (Aura Green, 128 GB)",Samsung,4.4,"₹30,999","₹49,999",51,8 GB RAM,128 GB ROM,6000 mAh Li-ion Battery,50MP + 5MP | 12MP Front Camera,38% off
"Ai+ Pulse 2 (Green, 128 GB)",Ai+,3.7,"₹10,999","₹15,999",51,6 GB RAM,128 GB ROM,6000 mAh Battery,50MP Rear Camera | 8MP Front Camera,31% off
"BOLTT EVO (Midnight Black, 64 GB)",BOLTT,4.3,"₹9,999","₹17,999",52,4 GB RAM,64 GB ROM,6000 mAh Lithium ion Battery,50MP + 2MP | 8MP Front Camera,44% off
"Mivi One 5G (Green, 128 GB)",Mivi,,"₹12,999","₹21,999",52,4 GB RAM,128 GB ROM,6000 mAh Lithium Polymer Battery,50MP Rear Camera | 8MP Front Camera,40% off
"vivo X300 FE (Urban Olive, 512 GB)",vivo,4.6,"₹99,999","₹1,29,999",52,12 GB RAM,512 GB ROM,6500 mAh Battery,50MP + 50MP + 8MP | 50MP Front Camera,23% off
"vivo X300 FE (Noir Black, 512 GB)",vivo,4.6,"₹99,999","₹1,29,999",52,12 GB RAM,512 GB ROM,6500 mAh Battery,50MP + 50MP + 8MP | 50MP Front Camera,23% off
"Ai+ Nova 2 5G (Green, 64 GB)",Ai+,4.2,"₹11,999","₹13,999",52,4 GB RAM,64 GB ROM,6000 mAh Battery,50MP Rear Camera | 8MP Front Camera,14% off
"POCO F6 5G (Titanium, 256 GB)",POCO,4.3,"₹31,999","₹35,999",52,12 GB RAM,256 GB ROM,5000 mAh Battery,50MP (OIS) + 8MP | 20MP Front Camera,11% off
"vivo T5 Lite 44W 5G (Wave Blue, 128 GB)",vivo,4.2,"₹20,499","₹33,999",52,4 GB RAM,128 GB ROM,6500 mAh Li-ion Battery,50MP + 0.08MP | 5MP Front Camera,39% off
"MOTOROLA g37 power (PANTONE Nautical Blue, 128 GB)",MOTOROLA,4.2,"₹20,249","₹30,499",52,4 GB RAM,128 GB ROM,7000 mAh Battery,50MP Rear Camera | 8MP Front Camera,33% off
"Apple iPhone 18 Pro (Black, 256 GB)",Apple,4.6,"₹1,64,900",,52,,256 GB ROM,,48MP + 48MP + 48MP | 18MP Front Camera,
"Samsung Galaxy F70 Pro 5G (Alpha Black, 128 GB)",Samsung,4.4,"₹30,999","₹49,999",52,8 GB RAM,128 GB ROM,6000 mAh Li-ion Battery,50MP + 5MP | 12MP Front Camera,38% off
"Mivi One 5G (Green, 128 GB)",Mivi,,"₹12,999","₹21,999",53,4 GB RAM,128 GB ROM,6000 mAh Lithium Polymer Battery,50MP Rear Camera | 8MP Front Camera,40% off
"BOLTT EVO (Midnight Black, 64 GB)",BOLTT,4.3,"₹9,999","₹17,999",53,4 GB RAM,64 GB ROM,6000 mAh Lithium ion Battery,50MP + 2MP | 8MP Front Camera,44% off
"Nothing Phone (4b) (Black, 128 GB)",Nothing,4.3,"₹39,999","₹54,999",53,8 GB RAM,128 GB ROM,6000 mAh Lithium ion Battery,50MP + 8MP | 16MP Front Camera,27% off
"Tecno Spark 50 5G (Mint Green, 128 GB)",Tecno,3.7,"₹18,249","₹27,999",53,4 GB RAM,128 GB ROM,6500 mAh Lithium Polymer Battery,50MP Rear Camera | 8MP Front Camera,34% off
"Ai+ Nova 2 Neo 5G (Orange, 128 GB)",Ai+,4.3,"₹12,999","₹18,999",53,4 GB RAM,128 GB ROM,6000 mAh Li-polymer Battery,48MP Rear Camera | 8MP Front Camera,31% off
"Samsung Galaxy F70e 5G (Spotlight Blue, 128 GB)",Samsung,4.1,"₹16,999","₹22,999",53,4 GB RAM,128 GB ROM,6000 mAh Li-ion Battery,50MP + 2MP | 8MP Front Camera,26% off
"MOTOROLA g37 power (PANTONE Nautical Blue, 128 GB)",MOTOROLA,4.2,"₹20,249","₹30,499",53,4 GB RAM,128 GB ROM,7000 mAh Battery,50MP Rear Camera | 8MP Front Camera,33% off
"vivo T5 Lite 44W 5G (Wave Blue, 128 GB)",vivo,4.2,"₹20,499","₹33,999",53,4 GB RAM,128 GB ROM,6500 mAh Li-ion Battery,50MP + 0.08MP | 5MP Front Camera,39% off
"vivo X300 FE (Lilac Purple, 256 GB)",vivo,4.6,"₹94,999","₹1,19,999",53,12 GB RAM,256 GB ROM,6500 mAh Battery,50MP + 50MP + 8MP | 50MP Front Camera,20% off
"vivo X300 FE (Urban Olive, 256 GB)",vivo,4.6,"₹94,999","₹1,19,999",53,12 GB RAM,256 GB ROM,6500 mAh Battery,50MP + 50MP + 8MP | 50MP Front Camera,20% off
"Mivi One 5G (Green, 128 GB)",Mivi,,"₹12,999","₹21,999",54,4 GB RAM,128 GB ROM,6000 mAh Lithium Polymer Battery,50MP Rear Camera | 8MP Front Camera,40% off
"BOLTT EVO (Midnight Black, 64 GB)",BOLTT,4.3,"₹9,999","₹17,999",54,4 GB RAM,64 GB ROM,6000 mAh Lithium ion Battery,50MP + 2MP | 8MP Front Camera,44% off
"Nothing Phone (4a) (White, 256 GB)",Nothing,4.5,"₹50,999","₹65,999",54,12 GB RAM,256 GB ROM,5400 mAh Lithium ion Battery,50MP + 50MP + 8MP | 32MP Front Camera,22% off
"realme P4 Lite (Beach Gold, 64 GB)",realme,3.9,"₹14,999","₹24,999",54,4 GB RAM,64 GB ROM,6300 mAh Battery,13MP Rear Camera | 5MP Front Camera,40% off
"realme P4 Power 5G (TransSilver, 128 GB)",realme,4.4,"₹30,999","₹32,999",54,8 GB RAM,128 GB ROM,10001 mAh Battery,50MP + 8MP | Yes,6% off
"POCO M8 (Frost Silver, 128 GB)",POCO,4.3,"₹26,999","₹27,999",54,8 GB RAM,128 GB ROM,5520 mAh Battery,50MP Rear Camera | 20MP Front Camera,3% off
"MOTOROLA g37 power (PANTONE Nautical Blue, 128 GB)",MOTOROLA,4.2,"₹20,249","₹30,499",54,4 GB RAM,128 GB ROM,7000 mAh Battery,50MP Rear Camera | 8MP Front Camera,33% off
"vivo T5 Lite 44W 5G (Wave Blue, 128 GB)",vivo,4.2,"₹20,499","₹33,999",54,4 GB RAM,128 GB ROM,6500 mAh Li-ion Battery,50MP + 0.08MP | 5MP Front Camera,39% off
"vivo Y51 Pro 5G (Golden Mist, 256 GB)",vivo,4.3,"₹37,999","₹59,999",54,8 GB RAM,256 GB ROM,7200 mAh Li-ion Battery,50MP + 2MP | 8MP Front Camera,36% off
"realme P4R 5G (Silver Glare, 64 GB)",realme,4.2,"₹20,999","₹32,999",54,4 GB RAM,64 GB ROM,8000 mAh Lithium-ion polymer Battery,50MP Rear Camera | 8MP Front Camera,36% off
"Mivi One 5G (Green, 128 GB)",Mivi,,"₹12,999","₹21,999",55,4 GB RAM,128 GB ROM,6000 mAh Lithium Polymer Battery,50MP Rear Camera | 8MP Front Camera,40% off
"BOLTT EVO (Midnight Black, 64 GB)",BOLTT,4.3,"₹9,999","₹17,999",55,4 GB RAM,64 GB ROM,6000 mAh Lithium ion Battery,50MP + 2MP | 8MP Front Camera,44% off
"vivo Y21 5G (Straw Gold, 128 GB)",vivo,4.2,"₹23,999","₹49,999",55,4 GB RAM,128 GB ROM,6500 mAh Li-ion Battery,50MP + 0.08MP | 5MP Front Camera,52% off
"OPPO Reno15 Pro 5G (Sunset Gold, 512 GB)",OPPO,4.5,"₹72,999","₹79,999",55,12 GB RAM,512 GB ROM,6500 mAh Battery,200MP + 50MP + 50MP | Yes,8% off
"MOTOROLA Edge 70 Fusion (Pantone COUNTRY AIR, 512 ",MOTOROLA,4.3,"₹36,999","₹64,999",55,12 GB RAM,512 GB ROM,7000 mAh Battery,50MP + 13MP | 32MP Front Camera,43% off
"POCO X8 Pro Max (White, 256 GB)",POCO,4.5,"₹46,999","₹57,999",55,12 GB RAM,256 GB ROM,9000 mAh Lithium-Ion Polymer With Silicon Carbon Technology Battery,50MP + 8MP | 20MP Front Camera,18% off
"MOTOROLA g37 power (PANTONE Nautical Blue, 128 GB)",MOTOROLA,4.2,"₹20,249","₹30,499",55,4 GB RAM,128 GB ROM,7000 mAh Battery,50MP Rear Camera | 8MP Front Camera,33% off
"vivo T5 Lite 44W 5G (Wave Blue, 128 GB)",vivo,4.2,"₹20,499","₹33,999",55,4 GB RAM,128 GB ROM,6500 mAh Li-ion Battery,50MP + 0.08MP | 5MP Front Camera,39% off
"Tecno Pova 8 5G (Terminal Green, 128 GB)",Tecno,4.3,"₹29,999","₹39,999",55,6 GB RAM,128 GB ROM,8000 mAh Lithium Polymer Battery,50MP Rear Camera | 13MP Front Camera,25% off
"Ai+ Nova 2 Ultra 5G (Green, 128 GB)",Ai+,4.2,"₹20,999","₹29,999",55,6 GB RAM,128 GB ROM,6000 mAh Li-polymer Battery,50MP + 8MP | 13MP Front Camera,30% off
"Mivi One 5G (Green, 128 GB)",Mivi,,"₹12,999","₹21,999",56,4 GB RAM,128 GB ROM,6000 mAh Lithium Polymer Battery,50MP Rear Camera | 8MP Front Camera,40% off
"BOLTT EVO (Midnight Black, 64 GB)",BOLTT,4.3,"₹9,999","₹17,999",56,4 GB RAM,64 GB ROM,6000 mAh Lithium ion Battery,50MP + 2MP | 8MP Front Camera,44% off
"Infinix SMART 20 (Shadow Black, 128 GB)",Infinix,3.9,"₹14,999","₹21,999",56,4 GB RAM,128 GB ROM,5200 mAh Battery,8MP Rear Camera | 8MP Front Camera,31% off
"Samsung Galaxy A36 5G (Dark Green, 128 GB)",Samsung,4.4,"₹24,999","₹39,499",56,8 GB RAM,128 GB ROM,5000 mAh Battery,50MP + 8MP | 12MP Front Camera,36% off
"REDMI Note 14 Pro 5G (Titan Black, 128 GB)",REDMI,4.3,"₹28,000","₹28,999",56,8 GB RAM,128 GB ROM,5500 mAh Battery,50MP + 8MP + 2MP | 20MP Front Camera,3% off
"Samsung Galaxy Z Fold8 5G (Graphite, 512 GB)",Samsung,4.7,"₹1,94,999","₹2,04,999",56,12 GB RAM,512 GB ROM,4800 mAh Li-ion Battery,50MP + 50MP | 10MP Front Camera,4% off
"MOTOROLA g37 power (PANTONE Nautical Blue, 128 GB)",MOTOROLA,4.2,"₹20,249","₹30,499",56,4 GB RAM,128 GB ROM,7000 mAh Battery,50MP Rear Camera | 8MP Front Camera,33% off
"vivo T5 Lite 44W 5G (Wave Blue, 128 GB)",vivo,4.2,"₹20,499","₹33,999",56,4 GB RAM,128 GB ROM,6500 mAh Li-ion Battery,50MP + 0.08MP | 5MP Front Camera,39% off
"OPPO Reno15 Pro 5G (Sunset Gold, 256 GB)",OPPO,4.5,"₹67,999","₹74,999",56,12 GB RAM,256 GB ROM,6500 mAh Battery,200MP + 50MP + 50MP | Yes,9% off
"Samsung Galaxy Z Flip8 5G (Cream, 256 GB)",Samsung,4.6,"₹1,14,999","₹1,34,999",56,12 GB RAM,256 GB ROM,4300 mAh Li-ion Battery,50MP + 12MP | 10MP Front Camera,14% off
"BOLTT EVO (Midnight Black, 64 GB)",BOLTT,4.3,"₹9,999","₹17,999",57,4 GB RAM,64 GB ROM,6000 mAh Lithium ion Battery,50MP + 2MP | 8MP Front Camera,44% off
"Mivi One 5G (Green, 128 GB)",Mivi,,"₹12,999","₹21,999",57,4 GB RAM,128 GB ROM,6000 mAh Lithium Polymer Battery,50MP Rear Camera | 8MP Front Camera,40% off
"Infinix NOTE 60 Pro (Deep Ocean Blue, 256 GB)",Infinix,4.4,"₹39,999","₹44,999",57,8 GB RAM,256 GB ROM,6500 mAh Battery,50MP + 8MP | 13MP Front Camera,11% off
"Samsung Galaxy F36 5G (Black, 128 GB)",Samsung,4.2,"₹24,799","₹29,999",57,8 GB RAM,128 GB ROM,5000 mAh Battery,50MP + 8MP + 2MP | 13MP Front Camera,17% off
"Samsung Galaxy S23 5G (Green, 128 GB)",Samsung,4.6,"₹24,999","₹89,999",57,8 GB RAM,128 GB ROM,3900 mAh Lithium Ion Battery,50MP + 10MP + 12MP | 12MP Front Camera,72% off
"realme P4 Lite 5G (Mosaic Blue, 128 GB)",realme,4.2,"₹18,999","₹32,999",57,4 GB RAM,128 GB ROM,7000 mAh lithium-ion polymer Battery,13MP Rear Camera | 5MP Front Camera,42% off
"vivo T5 Lite 44W 5G (Wave Blue, 128 GB)",vivo,4.2,"₹20,499","₹33,999",57,4 GB RAM,128 GB ROM,6500 mAh Li-ion Battery,50MP + 0.08MP | 5MP Front Camera,39% off
"MOTOROLA g37 power (PANTONE Nautical Blue, 128 GB)",MOTOROLA,4.2,"₹20,249","₹30,499",57,4 GB RAM,128 GB ROM,7000 mAh Battery,50MP Rear Camera | 8MP Front Camera,33% off
"Samsung Galaxy Z Fold8 5G (Cream, 256 GB)",Samsung,4.7,"₹1,74,999","₹1,84,999",57,12 GB RAM,256 GB ROM,4800 mAh Li-ion Battery,50MP + 50MP | 10MP Front Camera,5% off
"realme Narzo 80 Lite 5G (Onyx Black, 128 GB)",realme,4.2,"₹19,999","₹29,999",57,4 GB RAM,128 GB ROM,6000 mAh Battery,32MP Rear Camera,33% off
"realme P4x 5G (Elegant Pink, 128 GB)",realme,4.3,"₹27,999","₹43,999",58,8 GB RAM,128 GB ROM,7000 mAh Battery,50MP + 2MP | 8MP Front Camera,36% off
"IQOO Z11 5G (Aurora Green, 256 GB)",IQOO,4.8,"₹44,648","₹61,999",58,8 GB RAM,256 GB ROM,7050 mAh Battery,50MP Rear Camera,27% off
"vivo V70 FE (Monsoon Blue 2026, 128 GB)",vivo,4.4,"₹44,999","₹53,999",58,8 GB RAM,128 GB ROM,7000 mAh Li-ion battery Battery,200MP + 8MP | 50MP Front Camera,16% off
"REDMI 15C 5G (Midnight Black, 128 GB)",REDMI,4.2,"₹18,399","₹20,999",58,6 GB RAM,128 GB ROM,6000 mAh Battery,50MP Rear Camera,12% off
"Ai+ Nova 2 Pro 5G (Green, 128 GB)",Ai+,4,"₹17,999","₹21,999",58,6 GB RAM,128 GB ROM,6000 mAh Li-polymer Battery,48MP Rear Camera | 13MP Front Camera,18% off
"OPPO A6s 5G (Plum Purple, 128 GB)",OPPO,4.4,"₹27,999","₹29,999",58,6 GB RAM,128 GB ROM,6500 mAh Battery,50MP + 2MP | 5MP Front Camera,6% off
"vivo Y21 5G (Straw Gold, 128 GB)",vivo,4.3,"₹27,999","₹54,999",58,6 GB RAM,128 GB ROM,6500 mAh Li-ion Battery,50MP + 0.08MP | 5MP Front Camera,49% off
"OPPO A6s 5G (Plum Purple, 128 GB)",OPPO,4.7,"₹24,999","₹27,999",58,4 GB RAM,128 GB ROM,6500 mAh Battery,50MP + 2MP | 5MP Front Camera,10% off
"OPPO K14 Plus 5G (Star White, 128 GB)",OPPO,4.3,"₹32,999","₹64,999",58,8 GB RAM,128 GB ROM,8000 mAh Battery,50MP + 2MP | 16MP Front Camera,49% off
"OPPO K14x 5G (Prism Violet, 256 GB)",OPPO,4.4,"₹27,999","₹45,999",58,6 GB RAM,256 GB ROM,6500 mAh Battery,50MP + 2MP | Yes,39% off
"Mivi One 5G (Green, 128 GB)",Mivi,,"₹12,999","₹21,999",59,4 GB RAM,128 GB ROM,6000 mAh Lithium Polymer Battery,50MP Rear Camera | 8MP Front Camera,40% off
"BOLTT EVO (Midnight Black, 64 GB)",BOLTT,4.3,"₹9,999","₹17,999",59,4 GB RAM,64 GB ROM,6000 mAh Lithium ion Battery,50MP + 2MP | 8MP Front Camera,44% off
"Samsung Galaxy S25 5G Snapdragon (Icyblue, 128 GB)",Samsung,4.6,"₹54,999","₹1,04,999",59,12 GB RAM,128 GB ROM,4000 mAh Battery,50MP + 10MP + 12MP | 12MP Front Camera,47% off
"REDMI Note-14 Pro+ 5G (Titan Black, 256 GB)",REDMI,4.4,"₹29,888","₹36,999",59,8 GB RAM,256 GB ROM,6200 mAh Battery,50MP + 50MP + 8MP | 20MP Front Camera,19% off
"LAVA Bold N2 Lite (Kolar Gold, 64 GB)",LAVA,4,"₹9,299","₹11,499",59,3 GB RAM,64 GB ROM,5000 mAh Li-ion Battery,13MP Rear Camera | 5MP Front Camera,19% off
"LAVA Bold N2 Lite (Nilgiri Blue, 64 GB)",LAVA,4,"₹9,299","₹11,499",59,3 GB RAM,64 GB ROM,5000 mAh Li-ion Battery,13MP Rear Camera | 5MP Front Camera,19% off
"MOTOROLA g37 power (PANTONE Nautical Blue, 128 GB)",MOTOROLA,4.2,"₹20,249","₹30,499",59,4 GB RAM,128 GB ROM,7000 mAh Battery,50MP Rear Camera | 8MP Front Camera,33% off
"vivo T5 Lite 44W 5G (Wave Blue, 128 GB)",vivo,4.2,"₹20,499","₹33,999",59,4 GB RAM,128 GB ROM,6500 mAh Li-ion Battery,50MP + 0.08MP | 5MP Front Camera,39% off
"OPPO F33 5G (Forest Green, 128 GB)",OPPO,4.3,"₹36,999","₹52,999",59,8 GB RAM,128 GB ROM,7000 mAh lithium-ion polymer Battery,50MP + 2MP | 16MP Front Camera,30% off
"POCO X8 5G (Fiery Orange, 128 GB)",POCO,4.6,"₹26,999","₹64,999",59,6 GB RAM,128 GB ROM,9000 mAh Lithium-Ion Polymer Battery,50MP + 2MP | 16MP Front Camera,58% off
"BOLTT EVO (Midnight Black, 64 GB)",BOLTT,4.3,"₹9,999","₹17,999",60,4 GB RAM,64 GB ROM,6000 mAh Lithium ion Battery,50MP + 2MP | 8MP Front Camera,44% off
"Mivi One 5G (Green, 128 GB)",Mivi,,"₹12,999","₹21,999",60,4 GB RAM,128 GB ROM,6000 mAh Lithium Polymer Battery,50MP Rear Camera | 8MP Front Camera,40% off
"LAVA Bold N2 Lite (Nilgiri Blue, 64 GB)",LAVA,4,"₹9,299","₹11,499",60,3 GB RAM,64 GB ROM,5000 mAh Li-ion Battery,13MP Rear Camera | 5MP Front Camera,19% off
"OPPO F33 5G (Forest Green, 128 GB)",OPPO,4.3,"₹36,999","₹52,999",60,8 GB RAM,128 GB ROM,7000 mAh lithium-ion polymer Battery,50MP + 2MP | 16MP Front Camera,30% off
"MOTOROLA g37 power (PANTONE Impenetrable, 128 GB)",MOTOROLA,4.2,"₹20,249","₹30,499",60,4 GB RAM,128 GB ROM,7000 mAh Battery,50MP Rear Camera | 8MP Front Camera,33% off
"vivo X300 Ultra (Eclipse Black - Photographer Kit,",vivo,4.5,"₹2,09,999","₹2,29,999",60,16 GB RAM,512 GB ROM,6600 mAh Battery,200MP + 50MP + 200MP | 50MP Front Camera,8% off
"vivo T5 Lite 44W 5G (Wave Blue, 128 GB)",vivo,4.2,"₹20,499","₹33,999",60,4 GB RAM,128 GB ROM,6500 mAh Li-ion Battery,50MP + 0.08MP | 5MP Front Camera,39% off
"MOTOROLA g37 power (PANTONE Nautical Blue, 128 GB)",MOTOROLA,4.2,"₹20,249","₹30,499",60,4 GB RAM,128 GB ROM,7000 mAh Battery,50MP Rear Camera | 8MP Front Camera,33% off
"realme P4x 5G (Elegant Pink, 128 GB)",realme,4.3,"₹25,999","₹38,999",60,6 GB RAM,128 GB ROM,7000 mAh Battery,50MP + 2MP | 8MP Front Camera,33% off
"Ai+ Pulse 2 (Blue, 64 GB)",Ai+,4.1,"₹8,999","₹10,999",60,4 GB RAM,64 GB ROM,6000 mAh Battery,50MP Rear Camera | 8MP Front Camera,18% off
"BOLTT EVO (Midnight Black, 64 GB)",BOLTT,4.3,"₹9,999","₹17,999",61,4 GB RAM,64 GB ROM,6000 mAh Lithium ion Battery,50MP + 2MP | 8MP Front Camera,44% off
"Mivi One 5G (Green, 128 GB)",Mivi,,"₹12,999","₹21,999",61,4 GB RAM,128 GB ROM,6000 mAh Lithium Polymer Battery,50MP Rear Camera | 8MP Front Camera,40% off
"realme P4 Power 5G (TransBlue, 256 GB)",realme,4.4,"₹33,999","₹34,999",61,8 GB RAM,256 GB ROM,10001 mAh Battery,50MP + 8MP | Yes,2% off
"OPPO Reno 12 5G (Sunset Peach, 256 GB)",OPPO,4.4,"₹43,999",,61,8 GB RAM,256 GB ROM,5000 mAh Battery,50MP + 8MP + 2MP | 32MP Front Camera,
"Samsung Galaxy Z Fold8 5G (Graphite, 256 GB)",Samsung,4.7,"₹1,74,999","₹1,84,999",61,12 GB RAM,256 GB ROM,4800 mAh Li-ion Battery,50MP + 50MP | 10MP Front Camera,5% off
"OPPO Find X8 5G (Space Black, 512 GB)",OPPO,4.6,"₹89,999",,61,16 GB RAM,512 GB ROM,5630 mAh Battery,50MP + 50MP + 50MP | 32MP Front Camera,
"vivo T5 Lite 44W 5G (Twilight Shadow, 128 GB)",vivo,4.2,"₹20,499","₹33,999",61,4 GB RAM,128 GB ROM,6500 mAh Li-ion Battery,50MP + 0.08MP | 5MP Front Camera,39% off
"Nothing Phone (4b) (White, 128 GB)",Nothing,,"₹31,999","₹49,999",61,6 GB RAM,128 GB ROM,6000 mAh Lithium ion Battery,50MP + 8MP | 16MP Front Camera,36% off
"Google Pixel 10a (Obsidian, 256 GB)",Google,4.5,"₹47,999","₹55,999",61,8 GB RAM,256 GB ROM,5100 mAh Lithium Battery,48MP + 13MP | 13MP Front Camera,14% off
"OPPO F31 Pro 5G (Space Grey, 256 GB)",OPPO,4.4,"₹31,999","₹35,999",61,12 GB RAM,256 GB ROM,7000 mAh Battery,50MP + 2MP | 32MP Front Camera,11% off
"BOLTT EVO (Midnight Black, 64 GB)",BOLTT,4.3,"₹9,999","₹17,999",62,4 GB RAM,64 GB ROM,6000 mAh Lithium ion Battery,50MP + 2MP | 8MP Front Camera,44% off
"Mivi One 5G (Green, 128 GB)",Mivi,,"₹12,999","₹21,999",62,4 GB RAM,128 GB ROM,6000 mAh Lithium Polymer Battery,50MP Rear Camera | 8MP Front Camera,40% off
"Samsung Galaxy A07 5G (Light Green, 128 GB)",Samsung,4.3,"₹20,439","₹26,999",62,6 GB RAM,128 GB ROM,6000 mAh Li-ion Battery,50MP + 2MP | 8MP Front Camera,24% off
"realme P4R 5G (Titanium Glare, 128 GB)",realme,4.2,"₹21,999","₹34,999",62,4 GB RAM,128 GB ROM,8000 mAh Lithium-ion polymer Battery,50MP Rear Camera | 8MP Front Camera,37% off
"vivo Y21 5G (Mystic Blue, 128 GB)",vivo,4.2,"₹23,999","₹49,999",62,4 GB RAM,128 GB ROM,6500 mAh Li-ion Battery,50MP + 0.08MP | 5MP Front Camera,52% off
"vivo V70 (Authentic Black 2026, 256 GB)",vivo,4.6,"₹59,999","₹65,999",62,8 GB RAM,256 GB ROM,6500 mAh Li-ion battery Battery,50MP + 50MP + 8MP | 50MP Front Camera,9% off
"vivo T5 Lite 44W 5G (Wave Blue, 128 GB)",vivo,4.2,"₹20,499","₹33,999",62,4 GB RAM,128 GB ROM,6500 mAh Li-ion Battery,50MP + 0.08MP | 5MP Front Camera,39% off
"MOTOROLA g37 power (PANTONE Nautical Blue, 128 GB)",MOTOROLA,4.2,"₹20,249","₹30,499",62,4 GB RAM,128 GB ROM,7000 mAh Battery,50MP Rear Camera | 8MP Front Camera,33% off
"Apple iPhone Air (Space Black, 256 GB)",Apple,4.5,"₹99,900","₹1,19,900",62,,256 GB ROM,,48MP Rear Camera | 18MP Front Camera,16% off
"vivo V70 (Passion Red 2026, 256 GB)",vivo,4.6,"₹59,999","₹65,999",62,8 GB RAM,256 GB ROM,6500 mAh Li-ion battery Battery,50MP + 50MP + 8MP | 50MP Front Camera,9% off
"Mivi One 5G (Green, 128 GB)",Mivi,,"₹12,999","₹21,999",63,4 GB RAM,128 GB ROM,6000 mAh Lithium Polymer Battery,50MP Rear Camera | 8MP Front Camera,40% off
"BOLTT EVO (Midnight Black, 64 GB)",BOLTT,4.3,"₹9,999","₹17,999",63,4 GB RAM,64 GB ROM,6000 mAh Lithium ion Battery,50MP + 2MP | 8MP Front Camera,44% off
"Apple iPhone 17 Pro Max (Silver, 512 GB)",Apple,4.7,"₹1,69,900",,63,,512 GB ROM,,48MP + 48MP + 48MP | 18MP Front Camera,
"Samsung Galaxy Z Flip8 5G (Pink, 512 GB)",Samsung,4.6,"₹1,34,999","₹1,74,999",63,12 GB RAM,512 GB ROM,4300 mAh Li-ion Battery,50MP + 12MP | 10MP Front Camera,22% off
"Samsung Galaxy S24 Exynos 5G (Amber Yellow, 256 GB",Samsung,4.5,"₹55,999","₹79,999",63,8 GB RAM,256 GB ROM,4000 mAh Battery,50MP + 10MP + 12MP | 12MP Front Camera,30% off
"vivo Y51 Pro 5G (Crimson Red, 256 GB)",vivo,4.3,"₹37,999","₹59,999",63,8 GB RAM,256 GB ROM,7200 mAh Li-ion Battery,50MP + 2MP | 8MP Front Camera,36% off
"MOTOROLA g37 power (PANTONE Nautical Blue, 128 GB)",MOTOROLA,4.2,"₹20,249","₹30,499",63,4 GB RAM,128 GB ROM,7000 mAh Battery,50MP Rear Camera | 8MP Front Camera,33% off
"vivo T5 Lite 44W 5G (Wave Blue, 128 GB)",vivo,4.2,"₹20,499","₹33,999",63,4 GB RAM,128 GB ROM,6500 mAh Li-ion Battery,50MP + 0.08MP | 5MP Front Camera,39% off
"LAVA Bold N2 lite (Nilgiri Blue, 64 GB)",LAVA,4,"₹9,599","₹11,499",63,3 GB RAM,64 GB ROM,5000 mAh Battery,13MP Rear Camera,16% off
"LAVA Bold N2 lite (KOLAR GOLD, 64 GB)",LAVA,4,"₹10,000","₹11,499",63,3 GB RAM,64 GB ROM,5000 mAh Battery,13MP Rear Camera,13% off
"BOLTT EVO (Midnight Black, 64 GB)",BOLTT,4.3,"₹9,999","₹17,999",64,4 GB RAM,64 GB ROM,6000 mAh Lithium ion Battery,50MP + 2MP | 8MP Front Camera,44% off
"Mivi One 5G (Green, 128 GB)",Mivi,,"₹12,999","₹21,999",64,4 GB RAM,128 GB ROM,6000 mAh Lithium Polymer Battery,50MP Rear Camera | 8MP Front Camera,40% off
"realme 16x 5G (Glory White, 128 GB)",realme,4.5,"₹28,999","₹48,999",64,4 GB RAM,128 GB ROM,7000 mAh Battery,50MP Rear Camera | 8MP Front Camera,40% off
"OPPO Reno15 Pro 5G (Cocoa Brown, 512 GB)",OPPO,4.5,"₹79,999",,64,12 GB RAM,512 GB ROM,6500 mAh Battery,200MP + 50MP + 50MP | Yes,
"OPPO Find X8 5G (Star Grey, 256 GB)",OPPO,4.6,"₹79,999",,64,12 GB RAM,256 GB ROM,5630 mAh Battery,50MP + 50MP + 50MP | 32MP Front Camera,
"POCO C75 5G (Aqua Bliss, 64 GB)",POCO,4.2,"₹10,999",,64,4 GB RAM,64 GB ROM,5160 mAh Battery,50MP Rear Camera | 5MP Front Camera,
"vivo T5 Lite 44W 5G (Wave Blue, 128 GB)",vivo,4.2,"₹20,499","₹33,999",64,4 GB RAM,128 GB ROM,6500 mAh Li-ion Battery,50MP + 0.08MP | 5MP Front Camera,39% off
"MOTOROLA g37 power (PANTONE Nautical Blue, 128 GB)",MOTOROLA,4.2,"₹20,249","₹30,499",64,4 GB RAM,128 GB ROM,7000 mAh Battery,50MP Rear Camera | 8MP Front Camera,33% off
"vivo Y51 Pro 5G (Golden Mist, 128 GB)",vivo,4.3,"₹34,999","₹54,999",64,8 GB RAM,128 GB ROM,7200 mAh Li-ion Battery,50MP + 2MP | 8MP Front Camera,36% off
"Infinix SMART 20 (Sunlike Orange, 64 GB)",Infinix,3.9,"₹13,499","₹19,999",64,4 GB RAM,64 GB ROM,5200 mAh Battery,8MP Rear Camera | 8MP Front Camera,32% off
"Mivi One 5G (Green, 128 GB)",Mivi,,"₹12,999","₹21,999",65,4 GB RAM,128 GB ROM,6000 mAh Lithium Polymer Battery,50MP Rear Camera | 8MP Front Camera,40% off
"BOLTT EVO (Midnight Black, 64 GB)",BOLTT,4.3,"₹9,999","₹17,999",65,4 GB RAM,64 GB ROM,6000 mAh Lithium ion Battery,50MP + 2MP | 8MP Front Camera,44% off
"Apple iPhone 17 Pro Max (Deep Blue, 256 GB)",Apple,4.7,"₹1,49,900",,65,,256 GB ROM,,48MP + 48MP + 48MP | 18MP Front Camera,
"Samsung Galaxy Z Fold8 5G (Lavender, 512 GB)",Samsung,4.7,"₹1,94,999","₹2,04,999",65,12 GB RAM,512 GB ROM,4800 mAh Li-ion Battery,50MP + 50MP | 10MP Front Camera,4% off
"POCO M7 Plus 5G (Carbon Black, 128 GB)",POCO,3.7,"₹19,999",,65,4 GB RAM,128 GB ROM,7000 mAh Battery,50MP Rear Camera | 8MP Front Camera,
"OPPO A6 Pro 5G (Cappuccino Brown, 128 GB)",OPPO,4.3,"₹32,999",,65,8 GB RAM,128 GB ROM,7000 mAh Battery,50MP + 2MP | Yes,
"MOTOROLA g37 power (PANTONE Nautical Blue, 128 GB)",MOTOROLA,4.2,"₹20,249","₹30,499",65,4 GB RAM,128 GB ROM,7000 mAh Battery,50MP Rear Camera | 8MP Front Camera,33% off
"vivo T5 Lite 44W 5G (Wave Blue, 128 GB)",vivo,4.2,"₹20,499","₹33,999",65,4 GB RAM,128 GB ROM,6500 mAh Li-ion Battery,50MP + 0.08MP | 5MP Front Camera,39% off
"OPPO F33 Pro 5G (Misty Forest, 256 GB)",OPPO,4.4,"₹43,999","₹58,999",65,8 GB RAM,256 GB ROM,7000 mAh lithium-ion polymer Battery,50MP + 2MP | 50MP Front Camera,25% off
"Infinix SMART 20 (Sunlike Orange, 64 GB)",Infinix,3.9,"₹13,499","₹19,999",65,4 GB RAM,64 GB ROM,5200 mAh Battery,8MP Rear Camera | 8MP Front Camera,32% off
"Mivi One 5G (Green, 128 GB)",Mivi,,"₹12,999","₹21,999",66,4 GB RAM,128 GB ROM,6000 mAh Lithium Polymer Battery,50MP Rear Camera | 8MP Front Camera,40% off
"BOLTT EVO (Midnight Black, 64 GB)",BOLTT,4.3,"₹9,999","₹17,999",66,4 GB RAM,64 GB ROM,6000 mAh Lithium ion Battery,50MP + 2MP | 8MP Front Camera,44% off
"Nothing Phone (4a) Pro (Silver, 128 GB)",Nothing,4.5,"₹49,999",,66,8 GB RAM,128 GB ROM,5400 mAh Lithium ion Battery,50MP + 50MP + 8MP | 32MP Front Camera,
"Tecno Pova 8 5G (16 Bit White, 128 GB)",Tecno,4.3,"₹29,999","₹39,999",66,6 GB RAM,128 GB ROM,8000 mAh Lithium Polymer Battery,50MP Rear Camera | 13MP Front Camera,25% off
"MOTOROLA g37 power (PANTONE Capri, 64 GB)",MOTOROLA,4.2,"₹17,249","₹26,499",66,4 GB RAM,64 GB ROM,7000 mAh Battery,50MP Rear Camera | 8MP Front Camera,34% off
"vivo X300 Ultra (Victory Green, 512 GB)",vivo,4.5,"₹1,59,999","₹1,99,999",66,16 GB RAM,512 GB ROM,6600 mAh Battery,200MP + 50MP + 200MP | 50MP Front Camera,20% off
"MOTOROLA g37 power (PANTONE Nautical Blue, 128 GB)",MOTOROLA,4.2,"₹20,249","₹30,499",66,4 GB RAM,128 GB ROM,7000 mAh Battery,50MP Rear Camera | 8MP Front Camera,33% off
"vivo T5 Lite 44W 5G (Wave Blue, 128 GB)",vivo,4.2,"₹20,499","₹33,999",66,4 GB RAM,128 GB ROM,6500 mAh Li-ion Battery,50MP + 0.08MP | 5MP Front Camera,39% off
"vivo X300 Ultra (Eclipse Black, 512 GB)",vivo,4.5,"₹1,59,999","₹1,99,999",66,16 GB RAM,512 GB ROM,6600 mAh Battery,200MP + 50MP + 200MP | 50MP Front Camera,20% off
"OPPO F33 Pro 5G (Misty Forest, 128 GB)",OPPO,4.4,"₹39,999","₹55,999",66,8 GB RAM,128 GB ROM,7000 mAh lithium-ion polymer Battery,50MP + 2MP | 50MP Front Camera,28% off
"BOLTT EVO (Midnight Black, 64 GB)",BOLTT,4.3,"₹9,999","₹17,999",67,4 GB RAM,64 GB ROM,6000 mAh Lithium ion Battery,50MP + 2MP | 8MP Front Camera,44% off
"Mivi One 5G (Green, 128 GB)",Mivi,,"₹12,999","₹21,999",67,4 GB RAM,128 GB ROM,6000 mAh Lithium Polymer Battery,50MP Rear Camera | 8MP Front Camera,40% off
"OPPO A6s 5G (Aurora Gold, 128 GB)",OPPO,4.4,"₹27,999","₹29,999",67,6 GB RAM,128 GB ROM,6500 mAh Battery,50MP + 2MP | 5MP Front Camera,6% off
"vivo Y21 5G (Mystic Blue, 128 GB)",vivo,4.3,"₹27,999","₹54,999",67,6 GB RAM,128 GB ROM,6500 mAh Li-ion Battery,50MP + 0.08MP | 5MP Front Camera,49% off
"Samsung Galaxy A56 5G (Awesome Olive, 128 GB)",Samsung,4.4,"₹45,999",,67,8 GB RAM,128 GB ROM,5000 mAh Battery,50MP + 12MP + 5MP | 12MP Front Camera,
"Samsung Galaxy S24+ 5G (Cobalt Violet, 256 GB)",Samsung,4.5,"₹59,999","₹99,999",67,12 GB RAM,256 GB ROM,4900 mAh Battery,50MP + 10MP + 12MP | 12MP Front Camera,40% off
"vivo T5 Lite 44W 5G (Wave Blue, 128 GB)",vivo,4.2,"₹20,499","₹33,999",67,4 GB RAM,128 GB ROM,6500 mAh Li-ion Battery,50MP + 0.08MP | 5MP Front Camera,39% off
"MOTOROLA g37 power (PANTONE Nautical Blue, 128 GB)",MOTOROLA,4.2,"₹20,249","₹30,499",67,4 GB RAM,128 GB ROM,7000 mAh Battery,50MP Rear Camera | 8MP Front Camera,33% off
"Ai+ Nova 2 Ultra 5G (Purple, 128 GB)",Ai+,4.1,"₹21,999","₹26,999",67,8 GB RAM,128 GB ROM,6000 mAh Li-polymer Battery,50MP + 8MP | 13MP Front Camera,18% off
"realme P4 Power 5G (TransBlue, 128 GB)",realme,4.4,"₹30,999","₹32,999",67,8 GB RAM,128 GB ROM,10001 mAh Battery,50MP + 8MP | Yes,6% off
"Mivi One 5G (Green, 128 GB)",Mivi,,"₹12,999","₹21,999",68,4 GB RAM,128 GB ROM,6000 mAh Lithium Polymer Battery,50MP Rear Camera | 8MP Front Camera,40% off
"BOLTT EVO (Midnight Black, 64 GB)",BOLTT,4.3,"₹9,999","₹17,999",68,4 GB RAM,64 GB ROM,6000 mAh Lithium ion Battery,50MP + 2MP | 8MP Front Camera,44% off
MOTOROLA Edge 70 Fusion Snapdragon (Pantone COUNTR,MOTOROLA,4.4,"₹30,999","₹49,999",68,8 GB RAM,128 GB ROM,7000 mAh Battery,50MP + 13MP | 32MP Front Camera,38% off
OPPO K13 5G with 7000mAh and 80W SUPERVOOC Charger,OPPO,4.4,"₹24,999",,68,8 GB RAM,256 GB ROM,7000 mAh Battery,50MP + 2MP | 16MP Front Camera,
"REDMI 15 5G (Midnight Black, 128 GB)",REDMI,4.3,"₹23,499","₹34,999",68,8 GB RAM,128 GB ROM,7000 mAh Battery,50MP Rear Camera,32% off
"OPPO K14x 5G (Icy Blue, 64 GB)",OPPO,4.3,"₹18,999","₹19,999",68,4 GB RAM,64 GB ROM,6500 mAh Battery,50MP + 2MP | 5MP; f/2.2; FOV 77°; 3P lens,5% off
"MOTOROLA g37 power (PANTONE Nautical Blue, 128 GB)",MOTOROLA,4.2,"₹20,249","₹30,499",68,4 GB RAM,128 GB ROM,7000 mAh Battery,50MP Rear Camera | 8MP Front Camera,33% off
"vivo T5 Lite 44W 5G (Wave Blue, 128 GB)",vivo,4.2,"₹20,499","₹33,999",68,4 GB RAM,128 GB ROM,6500 mAh Li-ion Battery,50MP + 0.08MP | 5MP Front Camera,39% off
"OPPO K14x 5G (Prism Violet, 64 GB)",OPPO,4.3,"₹18,999","₹19,999",68,4 GB RAM,64 GB ROM,6500 mAh Battery,50MP + 2MP | 5MP; f/2.2; FOV 77°; 3P lens,5% off
"OnePlus 13s 5G (Green Silk, 256 GB)",OnePlus,4.6,"₹57,999",,68,12 GB RAM,256 GB ROM,5850 mAh Battery,50MP Rear Camera,
"Mivi One 5G (Green, 128 GB)",Mivi,,"₹12,999","₹21,999",69,4 GB RAM,128 GB ROM,6000 mAh Lithium Polymer Battery,50MP Rear Camera | 8MP Front Camera,40% off
"BOLTT EVO (Midnight Black, 64 GB)",BOLTT,4.3,"₹9,999","₹17,999",69,4 GB RAM,64 GB ROM,6000 mAh Lithium ion Battery,50MP + 2MP | 8MP Front Camera,44% off
"Infinix HOT 70 Pro 5G (Dive Blue, 128 GB)",Infinix,4.2,"₹27,999","₹36,999",69,8 GB RAM,128 GB ROM,6000 mAh Battery,50MP Rear Camera | 8MP Front Camera,24% off
"REDMI A7 Pro 5G (Sunset Orange, 64 GB)",REDMI,3.9,"₹14,552","₹26,999",69,4 GB RAM,64 GB ROM,6300 mAh Battery,32MP Rear Camera,46% off
"POCO C85x 5G (Emerald Green, 64 GB)",POCO,4.1,"₹13,999","₹20,999",69,4 GB RAM,64 GB ROM,6300 mAh Lithium-Ion Polymer Battery,32MP Rear Camera,33% off
"OPPO K14 Plus 5G (Solar Orange, 256 GB)",OPPO,4.3,"₹35,999","₹69,999",69,8 GB RAM,256 GB ROM,8000 mAh Battery,50MP + 2MP | 16MP Front Camera,48% off
"MOTOROLA g37 power (PANTONE Nautical Blue, 128 GB)",MOTOROLA,4.2,"₹20,249","₹30,499",69,4 GB RAM,128 GB ROM,7000 mAh Battery,50MP Rear Camera | 8MP Front Camera,33% off
"vivo T5 Lite 44W 5G (Wave Blue, 128 GB)",vivo,4.2,"₹20,499","₹33,999",69,4 GB RAM,128 GB ROM,6500 mAh Li-ion Battery,50MP + 0.08MP | 5MP Front Camera,39% off
"realme 16 Pro+ 5G (Master Gold, 256 GB)",realme,4.5,"₹55,999",,69,8 GB RAM,256 GB ROM,7000 mAh Battery,200MP + 50MP + 8MP | 50MP Front Camera,
"realme 16 Pro+ 5G (Master Grey, 256 GB)",realme,4.5,"₹55,999",,69,8 GB RAM,256 GB ROM,7000 mAh Battery,200MP + 50MP + 8MP | 50MP Front Camera,
"BOLTT EVO (Midnight Black, 64 GB)",BOLTT,4.3,"₹9,999","₹17,999",70,4 GB RAM,64 GB ROM,6000 mAh Lithium ion Battery,50MP + 2MP | 8MP Front Camera,44% off
"Mivi One 5G (Green, 128 GB)",Mivi,,"₹12,999","₹21,999",70,4 GB RAM,128 GB ROM,6000 mAh Lithium Polymer Battery,50MP Rear Camera | 8MP Front Camera,40% off
"realme 15T 5G (Flowing Silver, 128 GB)",realme,4.2,"₹27,999","₹31,999",70,8 GB RAM,128 GB ROM,7000 mAh Battery,50MP + 2MP | 50MP Front Camera,12% off
"Samsung Galaxy A37 5G (Awesome Lavender, 256 GB)",Samsung,4.5,"₹53,999",,70,12 GB RAM,256 GB ROM,5000 mAh Li-ion Battery,50MP + 8MP | 12MP Front Camera,
"Samsung Galaxy S25 Ultra 5G (Titanium Silverblue, ",Samsung,4.6,"₹1,39,999","₹1,41,999",70,12 GB RAM,512 GB ROM,5000 mAh Battery,200MP + 50MP + 50MP + 10MP | 12MP Front Camera,1% off
"realme P4R 5G (Silver Glare, 256 GB)",realme,4.3,"₹28,999","₹44,999",70,6 GB RAM,256 GB ROM,8000 mAh Lithium-ion polymer Battery,50MP Rear Camera | 8MP Front Camera,35% off
"vivo T5 Lite 44W 5G (Wave Blue, 128 GB)",vivo,4.2,"₹20,499","₹33,999",70,4 GB RAM,128 GB ROM,6500 mAh Li-ion Battery,50MP + 0.08MP | 5MP Front Camera,39% off
"MOTOROLA g37 power (PANTONE Nautical Blue, 128 GB)",MOTOROLA,4.2,"₹20,249","₹30,499",70,4 GB RAM,128 GB ROM,7000 mAh Battery,50MP Rear Camera | 8MP Front Camera,33% off
"Samsung Galaxy F55 5G (Apricot Crush, 128 GB)",Samsung,4,"₹27,999","₹28,999",70,8 GB RAM,128 GB ROM,5000 mAh Battery,50MP + 8MP + 2MP | 50MP Front Camera,3% off
"vivo Y21 5G (Mystic Blue, 64 GB)",vivo,4.2,"₹20,999","₹44,999",70,4 GB RAM,64 GB ROM,6500 mAh Li-ion Battery,50MP + 0.08MP | 5MP Front Camera,53% off
"Mivi One 5G (Green, 128 GB)",Mivi,,"₹12,999","₹21,999",71,4 GB RAM,128 GB ROM,6000 mAh Lithium Polymer Battery,50MP Rear Camera | 8MP Front Camera,40% off
"BOLTT EVO (Midnight Black, 64 GB)",BOLTT,4.3,"₹9,999","₹17,999",71,4 GB RAM,64 GB ROM,6000 mAh Lithium ion Battery,50MP + 2MP | 8MP Front Camera,44% off
"Samsung Galaxy S25 Ultra 5G (Titanium Silverblue, ",Samsung,4.6,"₹1,39,999","₹1,41,999",71,12 GB RAM,512 GB ROM,5000 mAh Battery,200MP + 50MP + 50MP + 10MP | 12MP Front Camera,1% off
"MOTOROLA g35 5G (Guava Red, 128 GB)",MOTOROLA,4.2,"₹13,999","₹15,499",71,8 GB RAM,128 GB ROM,5000 mAh Battery,50MP + 8MP | 16MP Front Camera,9% off
"Samsung Galaxy A56 5G (Dark Blue, 256 GB)",Samsung,4.4,"₹54,790","₹54,999",71,8 GB RAM,256 GB ROM,5000 mAh Battery,50MP + 12MP + 5MP | 12MP Front Camera,
"IQOO 15 5G (Legend, 256 GB)",IQOO,4.7,"₹84,990","₹92,999",71,12 GB RAM,256 GB ROM,7000 mAh Battery,50MP Rear Camera,8% off
"MOTOROLA g37 power (PANTONE Nautical Blue, 128 GB)",MOTOROLA,4.2,"₹20,249","₹30,499",71,4 GB RAM,128 GB ROM,7000 mAh Battery,50MP Rear Camera | 8MP Front Camera,33% off
"vivo T5 Lite 44W 5G (Wave Blue, 128 GB)",vivo,4.2,"₹20,499","₹33,999",71,4 GB RAM,128 GB ROM,6500 mAh Li-ion Battery,50MP + 0.08MP | 5MP Front Camera,39% off
"REDMI Turbo 5 5G (Asphalt Black, 256 GB)",REDMI,4.8,"₹47,888","₹57,999",71,12 GB RAM,256 GB ROM,7540 mAh Battery,50MP Rear Camera,17% off
"REDMI Turbo 5 5G (Turbo White, 256 GB)",REDMI,4.8,"₹47,785","₹57,999",71,12 GB RAM,256 GB ROM,7540 mAh Battery,50MP Rear Camera,17% off
"BOLTT EVO (Midnight Black, 64 GB)",BOLTT,4.3,"₹9,999","₹17,999",72,4 GB RAM,64 GB ROM,6000 mAh Lithium ion Battery,50MP + 2MP | 8MP Front Camera,44% off
"Mivi One 5G (Green, 128 GB)",Mivi,,"₹12,999","₹21,999",72,4 GB RAM,128 GB ROM,6000 mAh Lithium Polymer Battery,50MP Rear Camera | 8MP Front Camera,40% off
"Samsung Galaxy S26 FE 5G (Graphite, 256 GB)",Samsung,4,"₹72,999","₹1,09,999",72,8 GB RAM,256 GB ROM,4900 mAh Li-ion Battery,50MP + 12MP | 12MP Front Camera,33% off
"Apple iPhone 16 Plus (White, 256 GB)",Apple,4.6,"₹89,900",,72,,256 GB ROM,,48MP + 12MP | 12MP Front Camera,
"Samsung Galaxy S24 Exynos 5G (Amber Yellow, 128 GB",Samsung,4.5,"₹49,999","₹74,999",72,8 GB RAM,128 GB ROM,4000 mAh Battery,50MP + 10MP + 12MP | 12MP Front Camera,33% off
"Apple iPhone 17 Pro Max (Silver, 2 TB)",Apple,4.7,"₹2,29,900",,72,,,,48MP + 48MP + 48MP | 18MP Front Camera,
"vivo T5 Lite 44W 5G (Wave Blue, 128 GB)",vivo,4.2,"₹20,499","₹33,999",72,4 GB RAM,128 GB ROM,6500 mAh Li-ion Battery,50MP + 0.08MP | 5MP Front Camera,39% off
"MOTOROLA g37 power (PANTONE Nautical Blue, 128 GB)",MOTOROLA,4.2,"₹20,249","₹30,499",72,4 GB RAM,128 GB ROM,7000 mAh Battery,50MP Rear Camera | 8MP Front Camera,33% off
"OPPO Reno16 5G (Stellar Purple, 256 GB)",OPPO,4.5,"₹66,999","₹89,999",72,8 GB RAM,256 GB ROM,6700 mAh lithium-ion polymer Battery,50MP + 50MP + 50MP | 50MP Front Camera,25% off
"OPPO Reno16 5G (Starry White, 256 GB)",OPPO,4.5,"₹66,999","₹89,999",72,8 GB RAM,256 GB ROM,6700 mAh lithium-ion polymer Battery,50MP + 50MP + 50MP | 50MP Front Camera,25% off
"BOLTT EVO (Midnight Black, 64 GB)",BOLTT,4.3,"₹9,999","₹17,999",73,4 GB RAM,64 GB ROM,6000 mAh Lithium ion Battery,50MP + 2MP | 8MP Front Camera,44% off
"Mivi One 5G (Green, 128 GB)",Mivi,,"₹12,999","₹21,999",73,4 GB RAM,128 GB ROM,6000 mAh Lithium Polymer Battery,50MP Rear Camera | 8MP Front Camera,40% off
"Samsung Galaxy A56 5G (Dark Blue, 256 GB)",Samsung,4.4,"₹54,790","₹54,999",73,8 GB RAM,256 GB ROM,5000 mAh Battery,50MP + 12MP + 5MP | 12MP Front Camera,
"Nothing Phone (4b) (White, 256 GB)",Nothing,4.3,"₹40,999","₹59,999",73,8 GB RAM,256 GB ROM,6000 mAh Lithium ion Battery,50MP + 8MP | 16MP Front Camera,31% off
"realme Narzo 90x 5G (Maroon Red, 128 GB)",realme,4.3,"₹24,390","₹25,490",73,8 GB RAM,128 GB ROM,7000 mAh Battery,50MP Rear Camera,4% off
MOTOROLA edge 70 pro (Satin-Luxe PANTONE Tea (Gree,MOTOROLA,4.3,"₹39,999","₹69,999",73,8 GB RAM,256 GB ROM,6500 mAh Silicon-Carbon Battery,50MP + 50MP | 50MP Front Camera,42% off
"vivo T5 Lite 44W 5G (Twilight Shadow, 128 GB)",vivo,4.2,"₹20,499","₹33,999",73,4 GB RAM,128 GB ROM,6500 mAh Li-ion Battery,50MP + 0.08MP | 5MP Front Camera,39% off
"Nothing Phone (4b) (White, 128 GB)",Nothing,,"₹31,999","₹49,999",73,6 GB RAM,128 GB ROM,6000 mAh Lithium ion Battery,50MP + 8MP | 16MP Front Camera,36% off
MOTOROLA edge 70 pro (Satin-Luxe PANTONE Tea (Gree,MOTOROLA,4.3,"₹42,999","₹74,999",73,12 GB RAM,256 GB ROM,6500 mAh Silicon-Carbon Battery,50MP + 50MP | 50MP Front Camera,42% off
"Ai+ Nova 2 5G (Blue, 64 GB)",Ai+,4.2,"₹11,999","₹13,999",73,4 GB RAM,64 GB ROM,6000 mAh Battery,50MP Rear Camera | 8MP Front Camera,14% off
"BOLTT EVO (Midnight Black, 64 GB)",BOLTT,4.3,"₹9,999","₹17,999",74,4 GB RAM,64 GB ROM,6000 mAh Lithium ion Battery,50MP + 2MP | 8MP Front Camera,44% off
"Mivi One 5G (Green, 128 GB)",Mivi,,"₹12,999","₹21,999",74,4 GB RAM,128 GB ROM,6000 mAh Lithium Polymer Battery,50MP Rear Camera | 8MP Front Camera,40% off
"OPPO Reno16 5G (Starry White, 256 GB)",OPPO,4.5,"₹72,999","₹99,999",74,12 GB RAM,256 GB ROM,6700 mAh lithium-ion polymer Battery,50MP + 50MP + 50MP | 50MP Front Camera,27% off
"Samsung Galaxy A37 5G (Awesome Graygreen, 128 GB)",Samsung,4.4,"₹45,999",,74,8 GB RAM,128 GB ROM,5000 mAh Li-ion Battery,50MP + 8MP | 12MP Front Camera,
"realme 13+ 5G (Speed Green, 256 GB)",realme,4.3,"₹29,999","₹34,999",74,8 GB RAM,256 GB ROM,5000 mAh Battery,50MP + 2MP | 16MP Front Camera,14% off
"OPPO Reno14 5G (Forest Green, 512 GB)",OPPO,4.5,"₹47,999",,74,12 GB RAM,512 GB ROM,6000 mAh Battery,50MP + 8MP + 50MP | 50MP Front Camera,
"vivo T5 Lite 44W 5G (Wave Blue, 128 GB)",vivo,4.2,"₹20,499","₹33,999",74,4 GB RAM,128 GB ROM,6500 mAh Li-ion Battery,50MP + 0.08MP | 5MP Front Camera,39% off
"MOTOROLA g37 power (PANTONE Nautical Blue, 128 GB)",MOTOROLA,4.2,"₹20,249","₹30,499",74,4 GB RAM,128 GB ROM,7000 mAh Battery,50MP Rear Camera | 8MP Front Camera,33% off
"Samsung Galaxy S25 FE 5G (White, 128 GB)",Samsung,4.6,"₹45,999","₹89,999",74,8 GB RAM,128 GB ROM,4900 mAh Li-ion Battery,50MP + 12MP + 8MP | 12MP Front Camera,48% off
"vivo T5 Lite 44W 5G (Twilight Shadow, 64 GB)",vivo,4.2,"₹17,999","₹30,999",74,4 GB RAM,64 GB ROM,6500 mAh Li-ion Battery,50MP + 0.08MP | 5MP Front Camera,41% off
"BOLTT EVO (Midnight Black, 64 GB)",BOLTT,4.3,"₹9,999","₹17,999",75,4 GB RAM,64 GB ROM,6000 mAh Lithium ion Battery,50MP + 2MP | 8MP Front Camera,44% off
"Mivi One 5G (Green, 128 GB)",Mivi,,"₹12,999","₹21,999",75,4 GB RAM,128 GB ROM,6000 mAh Lithium Polymer Battery,50MP Rear Camera | 8MP Front Camera,40% off
"realme P3 Ultra 5G (Glowing Lunar White, 256 GB)",realme,4.4,"₹31,999","₹35,999",75,12 GB RAM,256 GB ROM,6000 mAh Battery,50MP + 8MP | 16MP Front Camera,11% off
"POCO M7 5G (Satin Black, 128 GB)",POCO,4.3,"₹13,499","₹13,999",75,8 GB RAM,128 GB ROM,5160 mAh Battery,50MP Rear Camera | 8MP Front Camera,3% off
"Samsung Galaxy Z Fold8 5G (Lavender, 1 TB)",Samsung,,"₹2,34,999","₹2,64,999",75,,,4800 mAh Li-ion Battery,50MP + 50MP | 10MP Front Camera,11% off
"Tecno Spark Go 3 (Titanium Grey, 128.0 GB)",Tecno,4.1,"₹14,999","₹18,999",75,4 GB RAM,128.0 GB ROM,5000 mAh Lithium Polymer Battery,13MP Rear Camera | 8MP Front Camera,21% off
"vivo T5 Lite 44W 5G (Twilight Shadow, 128 GB)",vivo,4.2,"₹20,499","₹33,999",75,4 GB RAM,128 GB ROM,6500 mAh Li-ion Battery,50MP + 0.08MP | 5MP Front Camera,39% off
"Nothing Phone (4b) (White, 128 GB)",Nothing,,"₹31,999","₹49,999",75,6 GB RAM,128 GB ROM,6000 mAh Lithium ion Battery,50MP + 8MP | 16MP Front Camera,36% off
"vivo Y31t 5G (Crimson Red, 128 GB)",vivo,5,"₹31,499","₹44,999",75,6 GB RAM,128 GB ROM,7200 mAh Li-ion Battery,50MP + 2MP | 8MP Front Camera,30% off
"vivo Y31t 5G (Crimson Red, 128 GB)",vivo,5,"₹26,999","₹39,999",75,4 GB RAM,128 GB ROM,7200 mAh Li-ion Battery,50MP + 2MP | 8MP Front Camera,32% off
"BOLTT EVO (Midnight Black, 64 GB)",BOLTT,4.3,"₹9,999","₹17,999",76,4 GB RAM,64 GB ROM,6000 mAh Lithium ion Battery,50MP + 2MP | 8MP Front Camera,44% off
"Mivi One 5G (Green, 128 GB)",Mivi,,"₹12,999","₹21,999",76,4 GB RAM,128 GB ROM,6000 mAh Lithium Polymer Battery,50MP Rear Camera | 8MP Front Camera,40% off
"REDMI 15 5G (Frosted White, 128 GB)",REDMI,4.3,"₹23,990","₹34,999",76,8 GB RAM,128 GB ROM,7000 mAh Battery,50MP Rear Camera,31% off
"Samsung Galaxy S25 FE 5G (White, 128 GB)",Samsung,4.6,"₹45,999","₹89,999",76,8 GB RAM,128 GB ROM,4900 mAh Li-ion Battery,50MP + 12MP + 8MP | 12MP Front Camera,48% off
"vivo T5 Lite 44W 5G (Twilight Shadow, 64 GB)",vivo,4.2,"₹17,999","₹30,999",76,4 GB RAM,64 GB ROM,6500 mAh Li-ion Battery,50MP + 0.08MP | 5MP Front Camera,41% off
"Apple iPhone 18 Pro max (Glacier, 1 TB)",Apple,4.8,"₹2,54,900",,76,,,,48MP + 48MP + 48MP | 18MP Front Camera,
"vivo T5 Lite 44W 5G (Twilight Shadow, 128 GB)",vivo,4.2,"₹20,499","₹33,999",76,4 GB RAM,128 GB ROM,6500 mAh Li-ion Battery,50MP + 0.08MP | 5MP Front Camera,39% off
"Nothing Phone (4b) (White, 128 GB)",Nothing,,"₹31,999","₹49,999",76,6 GB RAM,128 GB ROM,6000 mAh Lithium ion Battery,50MP + 8MP | 16MP Front Camera,36% off
"OPPO Reno11 Pro 5G (Rock Grey, 256 GB)",OPPO,4.4,"₹44,999",,76,12 GB RAM,256 GB ROM,4600 mAh Battery,50MP + 8MP + 32MP | 32MP Front Camera,
"MOTOROLA g35 5G (Leaf Green, 128 GB)",MOTOROLA,4.2,"₹12,499",,76,4 GB RAM,128 GB ROM,5000 mAh Battery,50MP + 8MP | 16MP Front Camera,
"Mivi One 5G (Green, 128 GB)",Mivi,,"₹12,999","₹21,999",77,4 GB RAM,128 GB ROM,6000 mAh Lithium Polymer Battery,50MP Rear Camera | 8MP Front Camera,40% off
"BOLTT EVO (Midnight Black, 64 GB)",BOLTT,4.3,"₹9,999","₹17,999",77,4 GB RAM,64 GB ROM,6000 mAh Lithium ion Battery,50MP + 2MP | 8MP Front Camera,44% off
"Samsung Galaxy A37 5G (Awesome Charcoal, 256 GB)",Samsung,4.5,"₹53,999",,77,12 GB RAM,256 GB ROM,5000 mAh Li-ion Battery,50MP + 8MP | 12MP Front Camera,
"vivo V70 FE (Monsoon Blue 2026, 256 GB)",vivo,4.3,"₹51,999","₹64,999",77,12 GB RAM,256 GB ROM,7000 mAh Li-ion battery Battery,200MP + 8MP | 50MP Front Camera,20% off
"Google Pixel 10a (Obsidian, 256 GB)",Google,4.5,"₹47,999","₹55,999",77,8 GB RAM,256 GB ROM,5100 mAh Lithium Battery,48MP + 13MP | 13MP Front Camera,14% off
"REDMI 13c 5G (Startrail Green, 128 GB)",REDMI,4.2,"₹9,654","₹13,999",77,4 GB RAM,128 GB ROM,5000 mAh Battery,50MP Rear Camera,31% off
"MOTOROLA g37 power (PANTONE Nautical Blue, 128 GB)",MOTOROLA,4.2,"₹20,249","₹30,499",77,4 GB RAM,128 GB ROM,7000 mAh Battery,50MP Rear Camera | 8MP Front Camera,33% off
"vivo T5 Lite 44W 5G (Wave Blue, 128 GB)",vivo,4.2,"₹20,499","₹33,999",77,4 GB RAM,128 GB ROM,6500 mAh Li-ion Battery,50MP + 0.08MP | 5MP Front Camera,39% off
"IQOO Z11x 5G (Prismatic Green, 128 GB)",IQOO,4.3,"₹28,799","₹30,999",77,8 GB RAM,128 GB ROM,7200 mAh Battery,50MP Rear Camera,7% off
"Apple iPhone 17 Pro Max (Silver, 1 TB)",Apple,4.7,"₹1,89,900",,77,,,,48MP + 48MP + 48MP | 18MP Front Camera,
"Mivi One 5G (Green, 128 GB)",Mivi,,"₹12,999","₹21,999",78,4 GB RAM,128 GB ROM,6000 mAh Lithium Polymer Battery,50MP Rear Camera | 8MP Front Camera,40% off
"BOLTT EVO (Midnight Black, 64 GB)",BOLTT,4.3,"₹9,999","₹17,999",78,4 GB RAM,64 GB ROM,6000 mAh Lithium ion Battery,50MP + 2MP | 8MP Front Camera,44% off
"IQOO Z11x 5G (Titan Black, 128 GB)",IQOO,4.3,"₹27,378","₹28,999",78,6 GB RAM,128 GB ROM,7200 mAh Battery,50MP Rear Camera,5% off
"IQOO Z11x 5G (Prismatic Green, 128 GB)",IQOO,4.3,"₹27,110","₹28,999",78,6 GB RAM,128 GB ROM,7200 mAh Battery,50MP Rear Camera,6% off
"Apple iPhone 17 Pro (Cosmic Orange, 512 GB)",Apple,4.7,"₹1,54,900",,78,,512 GB ROM,,48MP + 48MP + 48MP | 18MP Front Camera,
"Ai+ Pulse 2 (Purple, 128 GB)",Ai+,4.1,"₹9,999","₹15,499",78,4 GB RAM,128 GB ROM,6000 mAh Battery,50MP Rear Camera | 8MP Front Camera,35% off
"MOTOROLA g37 power (PANTONE Nautical Blue, 128 GB)",MOTOROLA,4.2,"₹20,249","₹30,499",78,4 GB RAM,128 GB ROM,7000 mAh Battery,50MP Rear Camera | 8MP Front Camera,33% off
"vivo T5 Lite 44W 5G (Wave Blue, 128 GB)",vivo,4.2,"₹20,499","₹33,999",78,4 GB RAM,128 GB ROM,6500 mAh Li-ion Battery,50MP + 0.08MP | 5MP Front Camera,39% off
"IQOO Z10 Lite 5G (Titanium Blue, 128 GB)",IQOO,4.1,"₹19,776","₹23,999",78,4 GB RAM,128 GB ROM,6000 mAh Battery,50MP Rear Camera,17% off
"IQOO Z10 Lite 5G (Cyber Green, 128 GB)",IQOO,4.1,"₹19,468","₹24,999",78,4 GB RAM,128 GB ROM,6000 mAh Battery,50MP Rear Camera,22% off
"Mivi One 5G (Green, 128 GB)",Mivi,,"₹12,999","₹21,999",79,4 GB RAM,128 GB ROM,6000 mAh Lithium Polymer Battery,50MP Rear Camera | 8MP Front Camera,40% off
"BOLTT EVO (Midnight Black, 64 GB)",BOLTT,4.3,"₹9,999","₹17,999",79,4 GB RAM,64 GB ROM,6000 mAh Lithium ion Battery,50MP + 2MP | 8MP Front Camera,44% off
"POCO X7 5G (Yellow, 256 GB)",POCO,4.3,"₹19,999","₹27,999",79,8 GB RAM,256 GB ROM,5500 mAh Battery,50MP + 8MP + 2MP | 20MP Front Camera,28% off
"Ai+ Nova 2 Ultra 5G (Black, 128 GB)",Ai+,4.2,"₹20,999","₹29,999",79,6 GB RAM,128 GB ROM,6000 mAh Li-polymer Battery,50MP + 8MP | 13MP Front Camera,30% off
"Samsung Galaxy Z Fold8 5G (Graphite, 256 GB)",Samsung,4.7,"₹1,74,999","₹1,84,999",79,12 GB RAM,256 GB ROM,4800 mAh Li-ion Battery,50MP + 50MP | 10MP Front Camera,5% off
"Ai+ Nova 2 Neo 5G (Orange, 128 GB)",Ai+,4.2,"₹14,999","₹19,999",79,6 GB RAM,128 GB ROM,6000 mAh Li-polymer Battery,48MP Rear Camera | 8MP Front Camera,25% off
"MOTOROLA g37 power (PANTONE Nautical Blue, 128 GB)",MOTOROLA,4.2,"₹20,249","₹30,499",79,4 GB RAM,128 GB ROM,7000 mAh Battery,50MP Rear Camera | 8MP Front Camera,33% off
"vivo T5 Lite 44W 5G (Wave Blue, 128 GB)",vivo,4.2,"₹20,499","₹33,999",79,4 GB RAM,128 GB ROM,6500 mAh Li-ion Battery,50MP + 0.08MP | 5MP Front Camera,39% off
"realme P4 5G (Forge Red, 128 GB)",realme,4.4,"₹30,999","₹45,999",79,8 GB RAM,128 GB ROM,7000 mAh Battery,50MP + 8MP | 16MP Front Camera,32% off
"realme P4 5G (Engine Blue, 128 GB)",realme,4.4,"₹30,999","₹45,999",79,8 GB RAM,128 GB ROM,7000 mAh Battery,50MP + 8MP | 16MP Front Camera,32% off
"Mivi One 5G (Green, 128 GB)",Mivi,,"₹12,999","₹21,999",80,4 GB RAM,128 GB ROM,6000 mAh Lithium Polymer Battery,50MP Rear Camera | 8MP Front Camera,40% off
"BOLTT EVO (Midnight Black, 64 GB)",BOLTT,4.3,"₹9,999","₹17,999",80,4 GB RAM,64 GB ROM,6000 mAh Lithium ion Battery,50MP + 2MP | 8MP Front Camera,44% off
"IQOO Z11 lite 5G (Midnight Blue, 128 GB)",IQOO,4,"₹22,631","₹38,499",80,6 GB RAM,128 GB ROM,6500 mAh Battery,50MP Rear Camera,41% off
"IQOO Z11x 5G (Prismatic Green, 256 GB)",IQOO,4.3,"₹33,325","₹33,999",80,8 GB RAM,256 GB ROM,7200 mAh Battery,50MP Rear Camera,1% off
"IQOO Z11x 5G (Titan Black, 256 GB)",IQOO,4.3,"₹33,723","₹39,999",80,8 GB RAM,256 GB ROM,7200 mAh Battery,50MP Rear Camera,15% off
"OPPO F25 Pro 5G (Coral Purple, 128 GB)",OPPO,4.3,"₹28,999",,80,8 GB RAM,128 GB ROM,5000 mAh Battery,64MP + 8MP + 2MP | 32MP Front Camera,
"MOTOROLA g37 power (PANTONE Nautical Blue, 128 GB)",MOTOROLA,4.2,"₹20,249","₹30,499",80,4 GB RAM,128 GB ROM,7000 mAh Battery,50MP Rear Camera | 8MP Front Camera,33% off
"vivo T5 Lite 44W 5G (Wave Blue, 128 GB)",vivo,4.2,"₹20,499","₹33,999",80,4 GB RAM,128 GB ROM,6500 mAh Li-ion Battery,50MP + 0.08MP | 5MP Front Camera,39% off
"Apple iPhone 16 Plus (White, 128 GB)",Apple,4.6,"₹79,900",,80,,128 GB ROM,,48MP + 12MP | 12MP Front Camera,
"IQOO Z11xa 5G (Titan Black, 128 GB)",IQOO,,"₹28,923","₹40,999",80,8 GB RAM,128 GB ROM,7200 mAh Battery,50MP Rear Camera,29% off
"Mivi One 5G (Green, 128 GB)",Mivi,,"₹12,999","₹21,999",81,4 GB RAM,128 GB ROM,6000 mAh Lithium Polymer Battery,50MP Rear Camera | 8MP Front Camera,40% off
"BOLTT EVO (Midnight Black, 64 GB)",BOLTT,4.3,"₹9,999","₹17,999",81,4 GB RAM,64 GB ROM,6000 mAh Lithium ion Battery,50MP + 2MP | 8MP Front Camera,44% off
"Apple iPhone 17 Pro Max (Cosmic Orange, 1 TB)",Apple,4.7,"₹1,89,900",,81,,,,48MP + 48MP + 48MP | 18MP Front Camera,
"Samsung Galaxy Z Fold6 5G (Pink, 256 GB)",Samsung,4.2,"₹1,49,999","₹1,64,999",81,12 GB RAM,256 GB ROM,4400 mAh Lithium ion Battery,50MP + 12MP + 10MP | 10MP Front Camera,9% off
"REDMI Note 14 Pro+ 5G (Spectre Blue, 128 GB)",REDMI,4.4,"₹27,880","₹34,999",81,8 GB RAM,128 GB ROM,6200 mAh Battery,50MP + 50MP + 8MP | 20MP Front Camera,20% off
"CMF by Nothing Phone 2 Pro (Light Green, 128 GB)",CMF,4.4,"₹18,999","₹22,999",81,8 GB RAM,128 GB ROM,5000 mAh Battery,50MP + 50MP + 8MP | 16MP Front Camera,17% off
"MOTOROLA g37 power (PANTONE Nautical Blue, 128 GB)",MOTOROLA,4.2,"₹20,249","₹30,499",81,4 GB RAM,128 GB ROM,7000 mAh Battery,50MP Rear Camera | 8MP Front Camera,33% off
"vivo T5 Lite 44W 5G (Wave Blue, 128 GB)",vivo,4.2,"₹20,499","₹33,999",81,4 GB RAM,128 GB ROM,6500 mAh Li-ion Battery,50MP + 0.08MP | 5MP Front Camera,39% off
"OPPO Reno14 Pro 5G (Titanium Grey, 256 GB)",OPPO,4.5,"₹54,999",,81,12 GB RAM,256 GB ROM,6200 mAh Battery,50MP + 50MP + 50MP | 50MP Front Camera,
"IQOO Z11 lite 5G (Midnight Blue, 128 GB)",IQOO,4.1,"₹20,192","₹33,999",81,4 GB RAM,128 GB ROM,6500 mAh Battery,50MP Rear Camera,40% off
"BOLTT EVO (Midnight Black, 64 GB)",BOLTT,4.3,"₹9,999","₹17,999",82,4 GB RAM,64 GB ROM,6000 mAh Lithium ion Battery,50MP + 2MP | 8MP Front Camera,44% off
"vivo T5 Lite 44W 5G (Wave Blue, 128 GB)",vivo,4.2,"₹20,499","₹33,999",82,4 GB RAM,128 GB ROM,6500 mAh Li-ion Battery,50MP + 0.08MP | 5MP Front Camera,39% off
"OPPO A5 Pro 5G (Feather Blue, 256 GB)",OPPO,4.3,"₹20,999","₹23,999",82,8 GB RAM,256 GB ROM,5800 mAh Battery,50MP + 2MP | 8MP Front Camera,12% off
"MOTOROLA g37 power (PANTONE Nautical Blue, 64 GB)",MOTOROLA,4.2,"₹17,249","₹26,499",82,4 GB RAM,64 GB ROM,7000 mAh Battery,50MP Rear Camera | 8MP Front Camera,34% off
"REDMI Note 14 Pro+ 5G (Phantom Purple, 128 GB)",REDMI,4.4,"₹27,999","₹34,999",82,8 GB RAM,128 GB ROM,6200 mAh Battery,50MP + 50MP + 8MP | 20MP Front Camera,20% off
"REDMI Note 14 Pro+ 5G (Titan Black, 128 GB)",REDMI,4.4,"₹28,480","₹34,999",82,8 GB RAM,128 GB ROM,6200 mAh Battery,50MP + 50MP + 8MP | 20MP Front Camera,18% off
"MOTOROLA g37 power (PANTONE Nautical Blue, 128 GB)",MOTOROLA,4.2,"₹20,249","₹30,499",82,4 GB RAM,128 GB ROM,7000 mAh Battery,50MP Rear Camera | 8MP Front Camera,33% off
MOTOROLA Edge 70 Fusion Snapdragon (Pantone COUNTR,MOTOROLA,4.3,"₹34,999","₹59,999",82,12 GB RAM,256 GB ROM,7000 mAh Battery,50MP + 13MP | 32MP Front Camera,41% off
"IQOO Z11x 5G (Titan Black, 128 GB)",IQOO,4.3,"₹29,195","₹30,999",82,8 GB RAM,128 GB ROM,7200 mAh Battery,50MP Rear Camera,5% off
"LAVA Virat Curve 5G (Makrana Ivory, 128 GB)",LAVA,4.4,"₹20,999","₹29,999",82,6 GB RAM,128 GB ROM,6000 mAh Li-ion Battery,50MP Rear Camera | 13MP Front Camera,30% off
"BOLTT EVO (Midnight Black, 64 GB)",BOLTT,4.3,"₹9,999","₹17,999",83,4 GB RAM,64 GB ROM,6000 mAh Lithium ion Battery,50MP + 2MP | 8MP Front Camera,44% off
"Mivi One 5G (Green, 128 GB)",Mivi,,"₹12,999","₹21,999",83,4 GB RAM,128 GB ROM,6000 mAh Lithium Polymer Battery,50MP Rear Camera | 8MP Front Camera,40% off
"POCO X8 Pro (Green, 256 GB)",POCO,4.4,"₹39,999","₹52,999",83,12 GB RAM,256 GB ROM,6500 mAh Lithium-Ion Polymer With Silicon Carbon Technology Battery,50MP + 8MP | 20MP Front Camera,24% off
"REDMI 17 5G (Eternal Orange, 128 GB)",REDMI,,"₹25,610","₹38,999",83,6 GB RAM,128 GB ROM,7900 mAh Battery,50MP Rear Camera,34% off
"Ai+ Pulse 2 (Purple, 128 GB)",Ai+,4.1,"₹9,999","₹15,499",83,4 GB RAM,128 GB ROM,6000 mAh Battery,50MP Rear Camera | 8MP Front Camera,35% off
"OPPO Reno16 5G (Twilight Violet, 256 GB)",OPPO,4.5,"₹72,999","₹99,999",83,12 GB RAM,256 GB ROM,6700 mAh lithium-ion polymer Battery,50MP + 50MP + 50MP | 50MP Front Camera,27% off
"vivo T5 Lite 44W 5G (Twilight Shadow, 128 GB)",vivo,4.2,"₹20,499","₹33,999",83,4 GB RAM,128 GB ROM,6500 mAh Li-ion Battery,50MP + 0.08MP | 5MP Front Camera,39% off
"Nothing Phone (4b) (White, 128 GB)",Nothing,,"₹31,999","₹49,999",83,6 GB RAM,128 GB ROM,6000 mAh Lithium ion Battery,50MP + 8MP | 16MP Front Camera,36% off
"REDMI 15A (Ace Black, 128 GB)",REDMI,4,"₹20,499","₹30,999",83,6 GB RAM,128 GB ROM,6300 mAh Lithium-Ion Polymer Battery,32MP Rear Camera | 8MP Front Camera,33% off
"Samsung Galaxy A27 5G (Light Pink, 128 GB)",Samsung,4.2,"₹38,999","₹51,999",83,8 GB RAM,128 GB ROM,5000 mAh Li-ion Battery,50MP + 5MP | 12MP Front Camera,25% off
"BOLTT EVO (Midnight Black, 64 GB)",BOLTT,4.3,"₹9,999","₹17,999",84,4 GB RAM,64 GB ROM,6000 mAh Lithium ion Battery,50MP + 2MP | 8MP Front Camera,44% off
"vivo T5 Lite 44W 5G (Wave Blue, 128 GB)",vivo,4.2,"₹20,499","₹33,999",84,4 GB RAM,128 GB ROM,6500 mAh Li-ion Battery,50MP + 0.08MP | 5MP Front Camera,39% off
"POCO X8 Power 5G (Black, 256 GB)",POCO,4.3,"₹34,999","₹84,999",84,8 GB RAM,256 GB ROM,10000 mAh Lithium-Ion Polymer Battery,50MP + 8MP | 32MP Front Camera,58% off
"Samsung Galaxy A37 5G (Awesome Lavender, 128 GB)",Samsung,4.4,"₹45,999",,84,8 GB RAM,128 GB ROM,5000 mAh Li-ion Battery,50MP + 8MP | 12MP Front Camera,
"POCO X8 Pro Max (White, 512 GB)",POCO,4.5,"₹50,999","₹61,999",84,12 GB RAM,512 GB ROM,9000 mAh Lithium-Ion Polymer With Silicon Carbon Technology Battery,50MP + 8MP | 20MP Front Camera,17% off
"Google Pixel 10 (Obsidian, 256 GB)",Google,4.5,"₹79,999",,84,12 GB RAM,256 GB ROM,4970 mAh Battery,48MP + 13MP + 10.8MP | 10.5MP Front Camera,
"MOTOROLA g37 power (PANTONE Nautical Blue, 128 GB)",MOTOROLA,4.2,"₹20,249","₹30,499",84,4 GB RAM,128 GB ROM,7000 mAh Battery,50MP Rear Camera | 8MP Front Camera,33% off
MOTOROLA Edge 70 Fusion Snapdragon (Pantone COUNTR,MOTOROLA,4.3,"₹34,999","₹59,999",84,12 GB RAM,256 GB ROM,7000 mAh Battery,50MP + 13MP | 32MP Front Camera,41% off
"Samsung Galaxy S25 Edge 5G (Titanium Jetblack, 512",Samsung,4.5,"₹81,999","₹1,21,999",84,12 GB RAM,512 GB ROM,3900 mAh Battery,200MP + 12MP | 12MP Front Camera,32% off
"Apple iPhone 18 Pro max (Silver, 512 GB)",Apple,4.8,"₹2,04,900",,84,,512 GB ROM,,48MP + 48MP + 48MP | 18MP Front Camera,
"Mivi One 5G (Green, 128 GB)",Mivi,,"₹12,999","₹21,999",85,4 GB RAM,128 GB ROM,6000 mAh Lithium Polymer Battery,50MP Rear Camera | 8MP Front Camera,40% off
"BOLTT EVO (Midnight Black, 64 GB)",BOLTT,4.3,"₹9,999","₹17,999",85,4 GB RAM,64 GB ROM,6000 mAh Lithium ion Battery,50MP + 2MP | 8MP Front Camera,44% off
"Samsung Galaxy S24 Exynos 5G (Marble Gray, 128 GB)",Samsung,4.5,"₹49,999","₹74,999",85,8 GB RAM,128 GB ROM,4000 mAh Battery,50MP + 10MP + 12MP | 12MP Front Camera,33% off
"Apple iPhone 18 Pro (Silver, 512 GB)",Apple,4.6,"₹1,89,900",,85,,512 GB ROM,,48MP + 48MP + 48MP | 18MP Front Camera,
"Samsung Galaxy Z Flip7 FE 5G (White, 256 GB)",Samsung,4.4,"₹95,999",,85,8 GB RAM,256 GB ROM,4000 mAh Battery,50MP + 12MP | 10MP Front Camera,
"Samsung Galaxy A36 5G (Dark Blue, 128 GB)",Samsung,4.4,"₹24,999","₹39,499",85,8 GB RAM,128 GB ROM,5000 mAh Battery,50MP + 8MP | 12MP Front Camera,36% off
"MOTOROLA g37 power (PANTONE Nautical Blue, 128 GB)",MOTOROLA,4.2,"₹20,249","₹30,499",85,4 GB RAM,128 GB ROM,7000 mAh Battery,50MP Rear Camera | 8MP Front Camera,33% off
"vivo T5 Lite 44W 5G (Wave Blue, 128 GB)",vivo,4.2,"₹20,499","₹33,999",85,4 GB RAM,128 GB ROM,6500 mAh Li-ion Battery,50MP + 0.08MP | 5MP Front Camera,39% off
"realme 14 Pro+ 5G (Suede Grey, 256 GB)",realme,4.4,"₹25,999","₹35,999",85,8 GB RAM,256 GB ROM,6000 mAh Battery,50MP + 50MP + 8MP | 32MP Front Camera,27% off
"Apple iPhone 17 Pro Max (Deep Blue, 512 GB)",Apple,4.7,"₹1,69,900",,85,,512 GB ROM,,48MP + 48MP + 48MP | 18MP Front Camera,
"Mivi One 5G (Green, 128 GB)",Mivi,,"₹12,999","₹21,999",86,4 GB RAM,128 GB ROM,6000 mAh Lithium Polymer Battery,50MP Rear Camera | 8MP Front Camera,40% off
"BOLTT EVO (Midnight Black, 64 GB)",BOLTT,4.3,"₹9,999","₹17,999",86,4 GB RAM,64 GB ROM,6000 mAh Lithium ion Battery,50MP + 2MP | 8MP Front Camera,44% off
"realme 16 Pro 5G (Master Gold, 256 GB)",realme,4.3,"₹46,999",,86,8 GB RAM,256 GB ROM,7000 mAh Battery,200MP + 8MP | 50MP Front Camera,
"vivo T4 Pro 5G (Blaze Gold, 256 GB)",vivo,4.5,"₹29,999","₹34,999",86,8 GB RAM,256 GB ROM,6500 mAh Battery,50MP + 2MP + 50MP | 32MP Front Camera,14% off
"IQOO Z11 lite 5G (Solar Flame, 128 GB)",IQOO,4.1,"₹19,987","₹33,999",86,4 GB RAM,128 GB ROM,6500 mAh Battery,50MP Rear Camera,41% off
"POCO C71 (Power Black, 128 GB)",POCO,4.1,"₹9,999",,86,6 GB RAM,128 GB ROM,5200 mAh Battery,32MP Rear Camera | 8MP Front Camera,
"MOTOROLA g37 power (PANTONE Nautical Blue, 128 GB)",MOTOROLA,4.2,"₹20,249","₹30,499",86,4 GB RAM,128 GB ROM,7000 mAh Battery,50MP Rear Camera | 8MP Front Camera,33% off
"vivo T5 Lite 44W 5G (Wave Blue, 128 GB)",vivo,4.2,"₹20,499","₹33,999",86,4 GB RAM,128 GB ROM,6500 mAh Li-ion Battery,50MP + 0.08MP | 5MP Front Camera,39% off
"OPPO Reno13 5G (Ivory White, 256 GB)",OPPO,4.4,"₹43,999",,86,8 GB RAM,256 GB ROM,5600 mAh Battery,50MP + 8MP + 2MP | 50MP Front Camera,
"realme 16T 5G (Starlight Black, 256 GB)",realme,3.8,"₹62,999",,86,8 GB RAM,256 GB ROM,8000 mAh lithium-ion polymer Battery,50MP + 2MP | 16MP Front Camera,
"BOLTT EVO (Midnight Black, 64 GB)",BOLTT,4.3,"₹9,999","₹17,999",87,4 GB RAM,64 GB ROM,6000 mAh Lithium ion Battery,50MP + 2MP | 8MP Front Camera,44% off
"Mivi One 5G (Green, 128 GB)",Mivi,,"₹12,999","₹21,999",87,4 GB RAM,128 GB ROM,6000 mAh Lithium Polymer Battery,50MP Rear Camera | 8MP Front Camera,40% off
"vivo T4 Pro 5G (Blaze Gold, 256 GB)",vivo,4.5,"₹29,999","₹34,999",87,8 GB RAM,256 GB ROM,6500 mAh Battery,50MP + 2MP + 50MP | 32MP Front Camera,14% off
"OPPO Reno13 5G (Ivory White, 256 GB)",OPPO,4.4,"₹43,999",,87,8 GB RAM,256 GB ROM,5600 mAh Battery,50MP + 8MP + 2MP | 50MP Front Camera,
"Apple iPhone 17 Pro (Deep Blue, 1 TB)",Apple,4.7,"₹1,74,900",,87,,,,48MP + 48MP + 48MP | 18MP Front Camera,
"OPPO A6c (Stone Brown, 64 GB)",OPPO,3.7,"₹17,999","₹29,999",87,4 GB RAM,64 GB ROM,7000 mAh Battery,13MP Rear Camera | 5MP Front Camera,40% off
"vivo T5 Lite 44W 5G (Wave Blue, 128 GB)",vivo,4.2,"₹20,499","₹33,999",87,4 GB RAM,128 GB ROM,6500 mAh Li-ion Battery,50MP + 0.08MP | 5MP Front Camera,39% off
"MOTOROLA g37 power (PANTONE Nautical Blue, 128 GB)",MOTOROLA,4.2,"₹20,249","₹30,499",87,4 GB RAM,128 GB ROM,7000 mAh Battery,50MP Rear Camera | 8MP Front Camera,33% off
"realme C83 5G Charger in the Box (Sprouting Green,",realme,4.1,"₹26,999","₹30,999",87,6 GB RAM,128 GB ROM,7000 mAh Battery,13MP Rear Camera | 5MP Front Camera,12% off
"REDMI Note 17 5G (Dark Night, 128 GB)",REDMI,4,"₹31,480","₹44,999",87,8 GB RAM,128 GB ROM,8000 mAh Battery,50MP Rear Camera,30% off
"BOLTT EVO (Midnight Black, 64 GB)",BOLTT,4.3,"₹9,999","₹17,999",88,4 GB RAM,64 GB ROM,6000 mAh Lithium ion Battery,50MP + 2MP | 8MP Front Camera,44% off
"Mivi One 5G (Green, 128 GB)",Mivi,,"₹12,999","₹21,999",88,4 GB RAM,128 GB ROM,6000 mAh Lithium Polymer Battery,50MP Rear Camera | 8MP Front Camera,40% off
"IQOO Z10 Lite 5G (Cyber Green, 64 GB)",IQOO,4.1,"₹17,490","₹27,999",88,4 GB RAM,64 GB ROM,6000 mAh Battery,50MP Rear Camera,37% off
"realme 16 Pro 5G (Pebble Grey, 256 GB)",realme,4.4,"₹49,999",,88,12 GB RAM,256 GB ROM,7000 mAh Battery,200MP + 8MP | 50MP Front Camera,
"realme 16 Pro 5G (Master Gold, 256 GB)",realme,4.3,"₹46,999",,88,8 GB RAM,256 GB ROM,7000 mAh Battery,200MP + 8MP | 50MP Front Camera,
"realme 16 Pro 5G (Pebble Grey, 256 GB)",realme,4.3,"₹46,999",,88,8 GB RAM,256 GB ROM,7000 mAh Battery,200MP + 8MP | 50MP Front Camera,
"vivo T5 Lite 44W 5G (Twilight Shadow, 128 GB)",vivo,4.2,"₹20,499","₹33,999",88,4 GB RAM,128 GB ROM,6500 mAh Li-ion Battery,50MP + 0.08MP | 5MP Front Camera,39% off
"Nothing Phone (4b) (White, 128 GB)",Nothing,,"₹31,999","₹49,999",88,6 GB RAM,128 GB ROM,6000 mAh Lithium ion Battery,50MP + 8MP | 16MP Front Camera,36% off
"Samsung Galaxy A27 5G (Black, 128 GB)",Samsung,4.2,"₹33,999","₹46,999",88,6 GB RAM,128 GB ROM,5000 mAh Li-ion Battery,50MP + 5MP | 12MP Front Camera,27% off
"Samsung Galaxy A06 5G (Light Gray, 64 GB)",Samsung,4.1,"₹15,499","₹15,999",88,4 GB RAM,64 GB ROM,5000 mAh Li-ion Battery,50MP + 2MP | 8MP Front Camera,3% off
"BOLTT EVO (Midnight Black, 64 GB)",BOLTT,4.3,"₹9,999","₹17,999",89,4 GB RAM,64 GB ROM,6000 mAh Lithium ion Battery,50MP + 2MP | 8MP Front Camera,44% off
"Mivi One 5G (Green, 128 GB)",Mivi,,"₹12,999","₹21,999",89,4 GB RAM,128 GB ROM,6000 mAh Lithium Polymer Battery,50MP Rear Camera | 8MP Front Camera,40% off
"Samsung Galaxy F70e 5G (Limelight Green, 128 GB)",Samsung,4.1,"₹16,999","₹22,999",89,4 GB RAM,128 GB ROM,6000 mAh Li-ion Battery,50MP + 2MP | 8MP Front Camera,26% off
"realme 16T 5G (Starlight Black, 256 GB)",realme,3.8,"₹62,999",,89,8 GB RAM,256 GB ROM,8000 mAh lithium-ion polymer Battery,50MP + 2MP | 16MP Front Camera,
"realme Narzo 90x 5G (Marine Blue, 128 GB)",realme,4.3,"₹21,990","₹37,999",89,8 GB RAM,128 GB ROM,7000 mAh Battery,50MP Rear Camera,42% off
"OPPO Reno13 5G (Ivory White, 256 GB)",OPPO,4.4,"₹43,999",,89,8 GB RAM,256 GB ROM,5600 mAh Battery,50MP + 8MP + 2MP | 50MP Front Camera,
"vivo T5 Lite 44W 5G (Twilight Shadow, 128 GB)",vivo,4.2,"₹20,499","₹33,999",89,4 GB RAM,128 GB ROM,6500 mAh Li-ion Battery,50MP + 0.08MP | 5MP Front Camera,39% off
"Nothing Phone (4b) (White, 128 GB)",Nothing,,"₹31,999","₹49,999",89,6 GB RAM,128 GB ROM,6000 mAh Lithium ion Battery,50MP + 8MP | 16MP Front Camera,36% off
"realme C83 5G Charger in the Box (Sprouting Green,",realme,4.1,"₹26,999","₹30,999",89,6 GB RAM,128 GB ROM,7000 mAh Battery,13MP Rear Camera | 5MP Front Camera,12% off
"Apple iPhone 17 Pro (Deep Blue, 1 TB)",Apple,4.7,"₹1,74,900",,89,,,,48MP + 48MP + 48MP | 18MP Front Camera,
"Mivi One 5G (Green, 128 GB)",Mivi,,"₹12,999","₹21,999",90,4 GB RAM,128 GB ROM,6000 mAh Lithium Polymer Battery,50MP Rear Camera | 8MP Front Camera,40% off
"BOLTT EVO (Midnight Black, 64 GB)",BOLTT,4.3,"₹9,999","₹17,999",90,4 GB RAM,64 GB ROM,6000 mAh Lithium ion Battery,50MP + 2MP | 8MP Front Camera,44% off
"Samsung Galaxy Z Flip7 FE 5G (Black, 256 GB)",Samsung,4.4,"₹95,999",,90,8 GB RAM,256 GB ROM,4000 mAh Battery,50MP + 12MP | 10MP Front Camera,
"realme C83 5G Charger in the Box (Blooming Purple,",realme,4,"₹19,999","₹24,999",90,4 GB RAM,64 GB ROM,7000 mAh Battery,13MP Rear Camera | 5MP Front Camera,20% off
"MOTOROLA g37 power (PANTONE Nautical Blue, 128 GB)",MOTOROLA,4.2,"₹24,249","₹37,999",90,8 GB RAM,128 GB ROM,7000 mAh Battery,50MP Rear Camera | 8MP Front Camera,36% off
"REDMI 10 Prime (Astral White, 128 GB)",REDMI,4.2,"₹16,999",,90,6 GB RAM,128 GB ROM,6000 mAh Battery,50MP + 8MP + 2MP + 2MP | 8MP Front Camera,
"MOTOROLA g37 power (PANTONE Nautical Blue, 128 GB)",MOTOROLA,4.2,"₹20,249","₹30,499",90,4 GB RAM,128 GB ROM,7000 mAh Battery,50MP Rear Camera | 8MP Front Camera,33% off
"vivo T5 Lite 44W 5G (Wave Blue, 128 GB)",vivo,4.2,"₹20,499","₹33,999",90,4 GB RAM,128 GB ROM,6500 mAh Li-ion Battery,50MP + 0.08MP | 5MP Front Camera,39% off
"Samsung Galaxy S24 5G Snapdragon (Marble Gray, 128",Samsung,4.6,"₹49,999","₹74,999",90,8 GB RAM,128 GB ROM,4000 mAh Battery,50MP + 12MP | 12MP Front Camera,33% off
"Samsung Galaxy S24 FE 5G (Graphite, 128 GB)",Samsung,4.5,"₹39,999","₹59,999",90,8 GB RAM,128 GB ROM,4700 mAh Battery,50MP + 12MP + 8MP | 10MP Front Camera,33% off
"Mivi One 5G (Green, 128 GB)",Mivi,,"₹12,999","₹21,999",91,4 GB RAM,128 GB ROM,6000 mAh Lithium Polymer Battery,50MP Rear Camera | 8MP Front Camera,40% off
"BOLTT EVO (Midnight Black, 64 GB)",BOLTT,4.3,"₹9,999","₹17,999",91,4 GB RAM,64 GB ROM,6000 mAh Lithium ion Battery,50MP + 2MP | 8MP Front Camera,44% off
"REDMI Note 14 Pro 5G (Phantom Purple, 128 GB)",REDMI,4.3,"₹28,995","₹28,999",91,8 GB RAM,128 GB ROM,5500 mAh Battery,50MP + 8MP + 2MP | 20MP Front Camera,
"REDMI Note 14 Pro 5G (Phantom Purple, 256 GB)",REDMI,4.3,"₹30,990","₹30,999",91,8 GB RAM,256 GB ROM,5500 mAh Battery,50MP + 8MP + 2MP | 20MP Front Camera,
"realme P3 Pro 5G (Galaxy Purple, 128 GB)",realme,4.4,"₹20,999","₹28,999",91,8 GB RAM,128 GB ROM,6000 mAh Battery,50MP + 2MP | 16MP Front Camera,27% off
"realme P4 5G (Steel Grey, 256 GB)",realme,4.4,"₹32,999","₹50,999",91,8 GB RAM,256 GB ROM,7000 mAh Battery,50MP + 8MP | 16MP Front Camera,35% off
"MOTOROLA g37 power (PANTONE Nautical Blue, 128 GB)",MOTOROLA,4.2,"₹20,249","₹30,499",91,4 GB RAM,128 GB ROM,7000 mAh Battery,50MP Rear Camera | 8MP Front Camera,33% off
"vivo T5 Lite 44W 5G (Wave Blue, 128 GB)",vivo,4.2,"₹20,499","₹33,999",91,4 GB RAM,128 GB ROM,6500 mAh Li-ion Battery,50MP + 0.08MP | 5MP Front Camera,39% off
"REDMI Turbo 5 5G (Asphalt Black, 256 GB)",REDMI,4.4,"₹43,640","₹54,999",91,8 GB RAM,256 GB ROM,7540 mAh Battery,50MP Rear Camera,20% off
"vivo Y11 5G (Cosmic Gold, 128 GB)",vivo,4.1,"₹22,499","₹44,999",91,4 GB RAM,128 GB ROM,6500 mAh Li-ion Battery,13MP + 0.08MP | 5MP Front Camera,50% off
"BOLTT EVO (Midnight Black, 64 GB)",BOLTT,4.3,"₹9,999","₹17,999",92,4 GB RAM,64 GB ROM,6000 mAh Lithium ion Battery,50MP + 2MP | 8MP Front Camera,44% off
"Mivi One 5G (Green, 128 GB)",Mivi,,"₹12,999","₹21,999",92,4 GB RAM,128 GB ROM,6000 mAh Lithium Polymer Battery,50MP Rear Camera | 8MP Front Camera,40% off
"POCO M7 5G (Ocean Blue, 128 GB)",POCO,4.3,"₹13,499","₹13,999",92,8 GB RAM,128 GB ROM,5160 mAh Battery,50MP Rear Camera | 8MP Front Camera,3% off
"LAVA Virat Curve 5G (Heritage Indigo, 128 GB)",LAVA,4.4,"₹20,999","₹29,999",92,6 GB RAM,128 GB ROM,6000 mAh Li-ion Battery,50MP Rear Camera | 13MP Front Camera,30% off
"Tecno Spark Go 3 (Galaxy Blue, 128.0 GB)",Tecno,4.1,"₹14,999","₹18,999",92,4 GB RAM,128.0 GB ROM,5000 mAh Lithium Polymer Battery,13MP Rear Camera | 8MP Front Camera,21% off
"Tecno Spark Go 3 (Ink Black, 128.0 GB)",Tecno,4.1,"₹14,999","₹18,999",92,4 GB RAM,128.0 GB ROM,5000 mAh Lithium Polymer Battery,13MP Rear Camera | 8MP Front Camera,21% off
"vivo T5 Lite 44W 5G (Wave Blue, 128 GB)",vivo,4.2,"₹20,499","₹33,999",92,4 GB RAM,128 GB ROM,6500 mAh Li-ion Battery,50MP + 0.08MP | 5MP Front Camera,39% off
"MOTOROLA g37 power (PANTONE Nautical Blue, 128 GB)",MOTOROLA,4.2,"₹20,249","₹30,499",92,4 GB RAM,128 GB ROM,7000 mAh Battery,50MP Rear Camera | 8MP Front Camera,33% off
"Samsung Galaxy Z Flip8 5G (Cream, 512 GB)",Samsung,4.6,"₹1,34,999","₹1,74,999",92,12 GB RAM,512 GB ROM,4300 mAh Li-ion Battery,50MP + 12MP | 10MP Front Camera,22% off
OPPO K14x 5G 6500mAh and 45W SUPERVOOC Charger & A,OPPO,4.4,"₹24,999","₹40,999",92,6 GB RAM,128 GB ROM,6500 mAh Battery,50MP + 2MP | 5MP; f/2.2; FOV 77Â°; 3P lens,39% off
"BOLTT EVO (Midnight Black, 64 GB)",BOLTT,4.3,"₹9,999","₹17,999",93,4 GB RAM,64 GB ROM,6000 mAh Lithium ion Battery,50MP + 2MP | 8MP Front Camera,44% off
"Mivi One 5G (Green, 128 GB)",Mivi,,"₹12,999","₹21,999",93,4 GB RAM,128 GB ROM,6000 mAh Lithium Polymer Battery,50MP Rear Camera | 8MP Front Camera,40% off
"Samsung Galaxy S24 FE 5G (Graphite, 128 GB)",Samsung,4.5,"₹39,999","₹59,999",93,8 GB RAM,128 GB ROM,4700 mAh Battery,50MP + 12MP + 8MP | 10MP Front Camera,33% off
"vivo Y31t 5G (Seashore Green, 128 GB)",vivo,5,"₹26,999","₹39,999",93,4 GB RAM,128 GB ROM,7200 mAh Li-ion Battery,50MP + 2MP | 8MP Front Camera,32% off
"OnePlus 11 5G (Eternal Green, 128 GB)",OnePlus,4.4,"₹44,999","₹56,999",93,8 GB RAM,128 GB ROM,5000 mAh Battery,50MP Rear Camera | 16MP Front Camera,21% off
"Samsung Galaxy S24 5G Snapdragon (Marble Gray, 128",Samsung,4.6,"₹49,999","₹74,999",93,8 GB RAM,128 GB ROM,4000 mAh Battery,50MP + 12MP | 12MP Front Camera,33% off
"vivo T5 Lite 44W 5G (Twilight Shadow, 128 GB)",vivo,4.2,"₹20,499","₹33,999",93,4 GB RAM,128 GB ROM,6500 mAh Li-ion Battery,50MP + 0.08MP | 5MP Front Camera,39% off
"Nothing Phone (4b) (White, 128 GB)",Nothing,,"₹31,999","₹49,999",93,6 GB RAM,128 GB ROM,6000 mAh Lithium ion Battery,50MP + 8MP | 16MP Front Camera,36% off
"Samsung Galaxy A26 5G (Mint, 128 GB)",Samsung,4,"₹27,992","₹27,999",93,8 GB RAM,128 GB ROM,5000 mAh Battery,50MP + 8MP | 13MP Front Camera,
"MOTOROLA g37 power (PANTONE Nautical Blue, 128 GB)",MOTOROLA,4.2,"₹24,249","₹37,999",93,8 GB RAM,128 GB ROM,7000 mAh Battery,50MP Rear Camera | 8MP Front Camera,36% off
"Mivi One 5G (Green, 128 GB)",Mivi,,"₹12,999","₹21,999",94,4 GB RAM,128 GB ROM,6000 mAh Lithium Polymer Battery,50MP Rear Camera | 8MP Front Camera,40% off
"BOLTT EVO (Midnight Black, 64 GB)",BOLTT,4.3,"₹9,999","₹17,999",94,4 GB RAM,64 GB ROM,6000 mAh Lithium ion Battery,50MP + 2MP | 8MP Front Camera,44% off
"REDMI Note 17 5G (Arctic Blue, 128 GB)",REDMI,4,"₹31,437","₹44,999",94,8 GB RAM,128 GB ROM,8000 mAh Battery,50MP Rear Camera,30% off
OPPO K14x 5G 6500mAh and 45W SUPERVOOC Charger & A,OPPO,4.3,"₹21,999","₹35,999",94,4 GB RAM,128 GB ROM,6500 mAh Battery,50MP + 2MP | 5MP; f/2.2; FOV 77Â°; 3P lens,38% off
"realme 16T 5G (Aurora Green, 256 GB)",realme,3.8,"₹62,999",,94,8 GB RAM,256 GB ROM,8000 mAh lithium-ion polymer Battery,50MP + 2MP | 16MP Front Camera,
"POCO M7 5G (Mint Green, 128 GB)",POCO,4.3,"₹13,499","₹13,999",94,8 GB RAM,128 GB ROM,5160 mAh Battery,50MP Rear Camera | 8MP Front Camera,3% off
"MOTOROLA g37 power (PANTONE Nautical Blue, 128 GB)",MOTOROLA,4.2,"₹20,249","₹30,499",94,4 GB RAM,128 GB ROM,7000 mAh Battery,50MP Rear Camera | 8MP Front Camera,33% off
"vivo T5 Lite 44W 5G (Wave Blue, 128 GB)",vivo,4.2,"₹20,499","₹33,999",94,4 GB RAM,128 GB ROM,6500 mAh Li-ion Battery,50MP + 0.08MP | 5MP Front Camera,39% off
"REDMI 15A (Ace Black, 64 GB)",REDMI,3.8,"₹16,499","₹27,999",94,4 GB RAM,64 GB ROM,6300 mAh Lithium-Ion Polymer Battery,32MP Rear Camera | 8MP Front Camera,41% off
"realme 15x 5G (Marine Blue, 128 GB)",realme,4.3,"₹27,999","₹28,999",94,6 GB RAM,128 GB ROM,7000 mAh Battery,50MP Rear Camera | 50MP Front Camera,3% off
"Mivi One 5G (Green, 128 GB)",Mivi,,"₹12,999","₹21,999",95,4 GB RAM,128 GB ROM,6000 mAh Lithium Polymer Battery,50MP Rear Camera | 8MP Front Camera,40% off
"BOLTT EVO (Midnight Black, 64 GB)",BOLTT,4.3,"₹9,999","₹17,999",95,4 GB RAM,64 GB ROM,6000 mAh Lithium ion Battery,50MP + 2MP | 8MP Front Camera,44% off
"Samsung Galaxy S24 FE 5G (Mint, 256 GB)",Samsung,4.5,"₹45,999","₹65,999",95,8 GB RAM,256 GB ROM,4700 mAh Battery,50MP + 12MP + 8MP | 10MP Front Camera,30% off
"OPPO K14 Lite (Feather Purple, 64 GB)",OPPO,3.9,"₹16,999","₹37,999",95,4 GB RAM,64 GB ROM,7000 mAh lithium-ion polymer Battery,13MP Rear Camera | 5MP Front Camera,55% off
"Tecno POP X 5G (Ripple Green, 128 GB)",Tecno,4.2,"₹19,490","₹31,999",95,6 GB RAM,128 GB ROM,6500 mAh Battery,50MP Rear Camera,39% off
"realme C83 5G Charger in the Box (Blooming Purple,",realme,4.1,"₹26,999","₹30,999",95,6 GB RAM,128 GB ROM,7000 mAh Battery,13MP Rear Camera | 5MP Front Camera,12% off
"MOTOROLA g37 power (PANTONE Nautical Blue, 128 GB)",MOTOROLA,4.2,"₹20,249","₹30,499",95,4 GB RAM,128 GB ROM,7000 mAh Battery,50MP Rear Camera | 8MP Front Camera,33% off
"vivo T5 Lite 44W 5G (Wave Blue, 128 GB)",vivo,4.2,"₹20,499","₹33,999",95,4 GB RAM,128 GB ROM,6500 mAh Li-ion Battery,50MP + 0.08MP | 5MP Front Camera,39% off
"Samsung S25 Ultra (Titanium Silverblue, 256 GB)",Samsung,4.4,"₹1,09,999","₹1,29,999",95,12 GB RAM,256 GB ROM,5000 mAh Battery,200MP + 50MP | 50MP + 12MP Dual Front Camera,15% off
MOTOROLA Edge 70 Fusion Snapdragon (Pantone ORIENT,MOTOROLA,4.4,"₹30,999","₹49,999",95,8 GB RAM,128 GB ROM,7000 mAh Battery,50MP + 13MP | 32MP Front Camera,38% off
"Mivi One 5G (Green, 128 GB)",Mivi,,"₹12,999","₹21,999",96,4 GB RAM,128 GB ROM,6000 mAh Lithium Polymer Battery,50MP Rear Camera | 8MP Front Camera,40% off
"BOLTT EVO (Midnight Black, 64 GB)",BOLTT,4.3,"₹9,999","₹17,999",96,4 GB RAM,64 GB ROM,6000 mAh Lithium ion Battery,50MP + 2MP | 8MP Front Camera,44% off
"POCO M7 5G (Mint Green, 128 GB)",POCO,4.1,"₹12,499","₹12,999",96,6 GB RAM,128 GB ROM,5160 mAh Battery,50MP Rear Camera | 8MP Front Camera,3% off
"POCO C81 (Elite Black, 64 GB)",POCO,3.7,"₹12,999","₹19,999",96,4 GB RAM,64 GB ROM,6300 mAh Lithium-Ion Polymer Battery,13MP Rear Camera | 8MP Front Camera,35% off
"OPPO Reno16c 5G (Starry White, 256 GB)",OPPO,4.5,"₹62,999","₹89,999",96,12 GB RAM,256 GB ROM,7000 mAh lithium-ion polymer Battery,50MP + 8MP + 50MP | 50MP Front Camera,30% off
"vivo Y400 5G (Dynamic Green, 128 GB)",vivo,4.4,"₹31,991","₹60,999",96,8 GB RAM,128 GB ROM,6000 mAh Battery,50MP + 2MP | 32MP Front Camera,47% off
"MOTOROLA g37 power (PANTONE Nautical Blue, 128 GB)",MOTOROLA,4.2,"₹20,249","₹30,499",96,4 GB RAM,128 GB ROM,7000 mAh Battery,50MP Rear Camera | 8MP Front Camera,33% off
"vivo T5 Lite 44W 5G (Wave Blue, 128 GB)",vivo,4.2,"₹20,499","₹33,999",96,4 GB RAM,128 GB ROM,6500 mAh Li-ion Battery,50MP + 0.08MP | 5MP Front Camera,39% off
"OPPO Reno16c 5G (Twilight Violet, 256 GB)",OPPO,4.5,"₹62,999","₹89,999",96,12 GB RAM,256 GB ROM,7000 mAh lithium-ion polymer Battery,50MP + 8MP + 50MP | 50MP Front Camera,30% off
"Tecno Spark 50 5G (Mint Green, 128 GB)",Tecno,3.9,"₹21,499","₹31,999",96,6 GB RAM,128 GB ROM,6500 mAh Lithium Polymer Battery,50MP Rear Camera | 8MP Front Camera,32% off
"BOLTT EVO (Midnight Black, 64 GB)",BOLTT,4.3,"₹9,999","₹17,999",97,4 GB RAM,64 GB ROM,6000 mAh Lithium ion Battery,50MP + 2MP | 8MP Front Camera,44% off
"Nothing Phone (4b) (White, 128 GB)",Nothing,,"₹31,999","₹49,999",97,6 GB RAM,128 GB ROM,6000 mAh Lithium ion Battery,50MP + 8MP | 16MP Front Camera,36% off
"Ai+ Nova 2 5G (Black, 64 GB)",Ai+,4.2,"₹11,999","₹13,999",97,4 GB RAM,64 GB ROM,6000 mAh Battery,50MP Rear Camera | 8MP Front Camera,14% off
"LAVA Virat V1 Pro 5G (Sikkim Midnight, 128 GB)",LAVA,4.1,"₹15,999","₹21,999",97,6 GB RAM,128 GB ROM,6000 mAh Li-ion Battery,50MP Rear Camera,27% off
"Samsung Galaxy S24 FE 5G (Mint, 256 GB)",Samsung,4.5,"₹45,999","₹65,999",97,8 GB RAM,256 GB ROM,4700 mAh Battery,50MP + 12MP + 8MP | 10MP Front Camera,30% off
"Nothing Phone (3) (Black, 256 GB)",Nothing,4.4,"₹79,999","₹84,999",97,12 GB RAM,256 GB ROM,5500 mAh Battery,50MP + 50MP + 50MP | 50MP Front Camera,5% off
"vivo T5 Lite 44W 5G (Twilight Shadow, 128 GB)",vivo,4.2,"₹20,499","₹33,999",97,4 GB RAM,128 GB ROM,6500 mAh Li-ion Battery,50MP + 0.08MP | 5MP Front Camera,39% off
"MOTOROLA g37 power (PANTONE Nautical Blue, 128 GB)",MOTOROLA,4.2,"₹20,249","₹30,499",97,4 GB RAM,128 GB ROM,7000 mAh Battery,50MP Rear Camera | 8MP Front Camera,33% off
"OPPO K14 Lite (Feather Purple, 64 GB)",OPPO,3.9,"₹16,999","₹37,999",97,4 GB RAM,64 GB ROM,7000 mAh lithium-ion polymer Battery,13MP Rear Camera | 5MP Front Camera,55% off
"realme C83 5G Charger in the Box (Blooming Purple,",realme,4.1,"₹26,999","₹30,999",97,6 GB RAM,128 GB ROM,7000 mAh Battery,13MP Rear Camera | 5MP Front Camera,12% off
"BOLTT EVO (Midnight Black, 64 GB)",BOLTT,4.3,"₹9,999","₹17,999",98,4 GB RAM,64 GB ROM,6000 mAh Lithium ion Battery,50MP + 2MP | 8MP Front Camera,44% off
"Mivi One 5G (Green, 128 GB)",Mivi,,"₹12,999","₹21,999",98,4 GB RAM,128 GB ROM,6000 mAh Lithium Polymer Battery,50MP Rear Camera | 8MP Front Camera,40% off
"POCO M7 5G (Mint Green, 128 GB)",POCO,4.1,"₹12,499","₹12,999",98,6 GB RAM,128 GB ROM,5160 mAh Battery,50MP Rear Camera | 8MP Front Camera,3% off
"POCO C81 (Elite Black, 64 GB)",POCO,3.7,"₹12,999","₹19,999",98,4 GB RAM,64 GB ROM,6300 mAh Lithium-Ion Polymer Battery,13MP Rear Camera | 8MP Front Camera,35% off
"OPPO Reno16c 5G (Twilight Violet, 256 GB)",OPPO,4.5,"₹62,999","₹89,999",98,12 GB RAM,256 GB ROM,7000 mAh lithium-ion polymer Battery,50MP + 8MP + 50MP | 50MP Front Camera,30% off
"OPPO Reno16c 5G (Starry White, 256 GB)",OPPO,4.5,"₹62,999","₹89,999",98,12 GB RAM,256 GB ROM,7000 mAh lithium-ion polymer Battery,50MP + 8MP + 50MP | 50MP Front Camera,30% off
"vivo T5 Lite 44W 5G (Twilight Shadow, 128 GB)",vivo,4.2,"₹20,499","₹33,999",98,4 GB RAM,128 GB ROM,6500 mAh Li-ion Battery,50MP + 0.08MP | 5MP Front Camera,39% off
"Nothing Phone (4b) (White, 128 GB)",Nothing,,"₹31,999","₹49,999",98,6 GB RAM,128 GB ROM,6000 mAh Lithium ion Battery,50MP + 8MP | 16MP Front Camera,36% off
"vivo T5x 5G (Flame Red, 256 GB)",vivo,4.4,"₹34,999","₹56,999",98,8 GB RAM,256 GB ROM,7200 mAh Li-ion Battery,50MP + 2MP | 32MP Front Camera,38% off
"vivo T5x 5G (Satin Silver, 256 GB)",vivo,4.4,"₹34,999","₹56,999",98,8 GB RAM,256 GB ROM,7200 mAh Li-ion Battery,50MP + 2MP | 32MP Front Camera,38% off
"Mivi One 5G (Green, 128 GB)",Mivi,,"₹12,999","₹21,999",99,4 GB RAM,128 GB ROM,6000 mAh Lithium Polymer Battery,50MP Rear Camera | 8MP Front Camera,40% off
"BOLTT EVO (Midnight Black, 64 GB)",BOLTT,4.3,"₹9,999","₹17,999",99,4 GB RAM,64 GB ROM,6000 mAh Lithium ion Battery,50MP + 2MP | 8MP Front Camera,44% off
"Ai+ Nova 2 Neo 5G (Green, 128 GB)",Ai+,4.2,"₹14,999","₹19,999",99,6 GB RAM,128 GB ROM,6000 mAh Li-polymer Battery,48MP Rear Camera | 8MP Front Camera,25% off
"OnePlus 7T (Glacier Blue, 256 GB)",OnePlus,4.6,"₹29,999","₹39,999",99,8 GB RAM,256 GB ROM,3800 mAh Battery,48 MP + 12 MP + 16 MP | 16MP Front Camera,25% off
"Samsung Galaxy S24 5G Snapdragon (Marble Gray, 256",Samsung,4.6,"₹55,999","₹79,999",99,8 GB RAM,256 GB ROM,4000 mAh Battery,50MP + 12MP | 12MP Front Camera,30% off
"IQOO 15R 5G (Dark Knight, 256 GB)",IQOO,4.6,"₹64,500","₹64,999",99,12 GB RAM,256 GB ROM,7600 mAh Battery,50MP Rear Camera,
"MOTOROLA g37 power (PANTONE Nautical Blue, 128 GB)",MOTOROLA,4.2,"₹20,249","₹30,499",99,4 GB RAM,128 GB ROM,7000 mAh Battery,50MP Rear Camera | 8MP Front Camera,33% off
"vivo T5 Lite 44W 5G (Wave Blue, 128 GB)",vivo,4.2,"₹20,499","₹33,999",99,4 GB RAM,128 GB ROM,6500 mAh Li-ion Battery,50MP + 0.08MP | 5MP Front Camera,39% off
"OnePlus Nord 4 5G (Oasis Green, 256 GB)",OnePlus,4.5,"₹41,999","₹42,999",99,8 GB RAM,256 GB ROM,5500 mAh Battery,50MP Rear Camera,2% off
"Samsung Galaxy S24 FE 5G (Mint, 128 GB)",Samsung,4.5,"₹39,999","₹59,999",99,8 GB RAM,128 GB ROM,4700 mAh Battery,50MP + 12MP + 8MP | 10MP Front Camera,33% off
"BOLTT EVO (Midnight Black, 64 GB)",BOLTT,4.3,"₹9,999","₹17,999",100,4 GB RAM,64 GB ROM,6000 mAh Lithium ion Battery,50MP + 2MP | 8MP Front Camera,44% off
"Mivi One 5G (Green, 128 GB)",Mivi,,"₹12,999","₹21,999",100,4 GB RAM,128 GB ROM,6000 mAh Lithium Polymer Battery,50MP Rear Camera | 8MP Front Camera,40% off
"IQOO Z11X 5G (‎Titan Black, 128 GB)",IQOO,4.3,"₹28,490","₹28,999",100,6 GB RAM,128 GB ROM,7200 mAh Battery,50MP + 50MP | 32MP Dual Front Camera,1% off
"realme P3 5G (Comet Grey, 128 GB)",realme,4.4,"₹16,999","₹20,999",100,8 GB RAM,128 GB ROM,6000 mAh Battery,50MP + 2MP | 16MP Front Camera,19% off
SIAVANTAGE Pro 16,SIAVANTAGE,4,"₹6,524","₹14,999",100,3 GB RAM,16 GB ROM,10000 mAh Battery,2MP Rear Camera,56% off
"realme X7 Max (Asteroid Black, 128 GB)",realme,4.4,"₹29,999",,100,8 GB RAM,128 GB ROM,4500 mAh Battery,64MP + 8MP + 2MP | 16MP Front Camera,
"vivo T5 Lite 44W 5G (Wave Blue, 128 GB)",vivo,4.2,"₹20,499","₹33,999",100,4 GB RAM,128 GB ROM,6500 mAh Li-ion Battery,50MP + 0.08MP | 5MP Front Camera,39% off
"MOTOROLA g37 power (PANTONE Nautical Blue, 128 GB)",MOTOROLA,4.2,"₹20,249","₹30,499",100,4 GB RAM,128 GB ROM,7000 mAh Battery,50MP Rear Camera | 8MP Front Camera,33% off
"Samsung Galaxy S24 FE 5G (Blue, 128 GB)",Samsung,4.5,"₹39,999","₹59,999",100,8 GB RAM,128 GB ROM,4700 mAh Battery,50MP + 12MP + 8MP | 10MP Front Camera,33% off
"REDMI 14C 5G (Stargaze Black, 128 GB)",REDMI,4.2,"₹14,462","₹14,999",100,6 GB RAM,128 GB ROM,5160 mAh Battery,50MP Rear Camera | 8MP Front Camera,3% off
